timestep,action
1,[1.0, -0.0471, 1.0, -1.0, 1.0, 1.0]
2,[1.0, 1.0, 1.0, -1.0, 1.0, 1.0]
3,[1.0, 1.0, -1.0, -1.0, -1.0, 1.0]
4,[1.0, -1.0, -1.0, -1.0, -1.0, 1.0]
5,[1.0, 0.8344, 1.0, -1.0, 1.0, 1.0]
6,[1.0, 1.0, 1.0, -1.0, 1.0, 1.0]
7,[1.0, -1.0, 1.0, -1.0, 1.0, -1.0]
8,[1.0, -0.1009, -1.0, -1.0, -1.0, -1.0]
9,[1.0, -0.9812, -1.0, -1.0, -1.0, 1.0]
10,[1.0, 0.9995, 1.0, -1.0, 1.0, 1.0]
11,[1.0, 1.0, 1.0, -1.0, 1.0, 1.0]
12,[1.0, 1.0, 1.0, -1.0, 1.0, 1.0]
13,[1.0, -0.7776, 1.0, -1.0, 1.0, -1.0]
14,[1.0, 1.0, 1.0, -0.4521, -0.9999, -1.0]
15,[1.0, -0.9997, -0.9043, -1.0, -1.0, 1.0]
16,[1.0, -0.8733, 1.0, -1.0, 1.0, 1.0]
17,[1.0, -0.6305, 1.0, -1.0, 1.0, -1.0]
18,[1.0, 1.0, -1.0, -1.0, -1.0, 1.0]
19,[1.0, -1.0, 1.0, -1.0, -1.0, 1.0]
20,[1.0, -1.0, 1.0, -1.0, 0.9997, -1.0]
21,[1.0, -0.9588, 0.9125, -1.0, 1.0, -1.0]
22,[1.0, -0.8325, 0.9921, -1.0, 1.0, -1.0]
23,[1.0, 1.0, -1.0, 0.9611, -1.0, 0.9995]
24,[1.0, 1.0, 1.0, -1.0, -0.9955, 1.0]
25,[-0.4786, 1.0, 1.0, -1.0, 1.0, 1.0]
26,[1.0, 1.0, -1.0, -1.0, -1.0, 1.0]
27,[1.0, -0.9503, 1.0, -1.0, -1.0, 1.0]
28,[1.0, 1.0, 1.0, -1.0, 1.0, -1.0]
29,[1.0, 1.0, -1.0, -0.161, -1.0, 1.0]
30,[1.0, -0.9459, 1.0, -1.0, -1.0, 1.0]
31,[1.0, 1.0, 1.0, -1.0, 1.0, -1.0]
32,[1.0, 1.0, -1.0, 0.9604, -1.0, 1.0]
33,[-0.8394, 1.0, 1.0, -1.0, -1.0, 1.0]
34,[1.0, -0.7859, 1.0, -1.0, -1.0, 1.0]
35,[1.0, -0.2846, 1.0, -1.0, 1.0, -1.0]
36,[1.0, -1.0, 1.0, -1.0, 0.992, -1.0]
37,[1.0, -1.0, 1.0, -1.0, -1.0, -1.0]
38,[1.0, 1.0, 1.0, 0.5877, 1.0, -1.0]
39,[1.0, 1.0, -1.0, -1.0, -1.0, 1.0]
40,[0.9999, -0.9999, 1.0, -1.0, -1.0, 1.0]
41,[1.0, 1.0, 1.0, -1.0, 1.0, -1.0]
42,[1.0, 1.0, -1.0, -1.0, -1.0, 1.0]
43,[0.1123, -1.0, 1.0, -1.0, -1.0, 1.0]
44,[-1.0, -1.0, 1.0, -1.0, -1.0, -1.0]
45,[0.9968, 0.9219, -1.0, 0.957, -1.0, 1.0]
46,[-1.0, 0.9968, 1.0, -0.9845, -1.0, 1.0]
47,[-1.0, 0.9999, 1.0, -1.0, -1.0, -1.0]
48,[-1.0, -1.0, 1.0, -1.0, -1.0, 1.0]
49,[-1.0, -1.0, 1.0, -1.0, -0.8354, -1.0]
50,[0.9987, -1.0, 1.0, -1.0, -1.0, -0.9963]
51,[1.0, -0.9987, 0.9997, -0.7097, 0.3436, -1.0]
52,[1.0, -1.0, -0.9956, -1.0, -1.0, -1.0]
53,[-1.0, 1.0, -1.0, 1.0, -0.9543, 1.0]
54,[1.0, 1.0, -1.0, -1.0, -1.0, 1.0]
55,[-1.0, -1.0, -1.0, -1.0, -1.0, 1.0]
56,[-0.9997, -0.9999, 1.0, -0.9999, -1.0, 0.96]
57,[-1.0, -1.0, 1.0, -1.0, -1.0, 0.911]
58,[1.0, 1.0, 1.0, -1.0, 1.0, 1.0]
59,[1.0, 1.0, 1.0, -1.0, 1.0, 1.0]
60,[1.0, 1.0, 1.0, -1.0, 1.0, 1.0]
61,[1.0, 1.0, 1.0, -1.0, 1.0, 1.0]
62,[-1.0, 0.9999, -1.0, -0.9907, -1.0, 1.0]
63,[-1.0, -1.0, 1.0, -1.0, -1.0, 1.0]
64,[-1.0, -1.0, 1.0, -1.0, -1.0, 0.8462]
65,[-1.0, -1.0, 0.9951, -1.0, -1.0, -1.0]
66,[0.9463, -1.0, 1.0, -1.0, -1.0, -0.9999]
67,[1.0, 1.0, -0.6089, 1.0, 1.0, -1.0]
68,[1.0, 1.0, -1.0, -1.0, -1.0, 1.0]
69,[-0.7393, -1.0, 1.0, -1.0, -1.0, 1.0]
70,[0.8127, -1.0, 1.0, -1.0, -1.0, -0.7507]
71,[1.0, 1.0, -0.5791, 1.0, 1.0, -1.0]
72,[1.0, 1.0, -1.0, -0.9627, -1.0, 1.0]
73,[-0.2699, -1.0, 1.0, -1.0, -1.0, 1.0]
74,[-0.8419, -0.9732, 1.0, -0.9984, -0.9758, -1.0]
75,[-1.0, -1.0, 1.0, 0.9978, -1.0, -1.0]
76,[1.0, 1.0, 1.0, -1.0, -1.0, -1.0]
77,[1.0, 1.0, -0.6375, -1.0, -0.9999, 0.9996]
78,[0.3391, -1.0, 1.0, -1.0, -1.0, 1.0]
79,[0.9999, -0.6556, 1.0, -1.0, 1.0, -1.0]
80,[1.0, 0.9996, 0.9997, -0.6418, -0.8686, -1.0]
81,[1.0, 1.0, -0.943, -1.0, -0.9986, -0.0357]
82,[-1.0, 0.9978, -1.0, 1.0, -0.8565, 0.9988]
83,[0.9999, 1.0, 0.8244, -0.3734, -1.0, 1.0]
84,[1.0, 0.2621, 1.0, -1.0, 1.0, -0.8316]
85,[1.0, 1.0, 1.0, -1.0, 1.0, 1.0]
86,[1.0, 1.0, 1.0, -1.0, 1.0, 1.0]
87,[1.0, 1.0, 1.0, -1.0, 1.0, 1.0]
88,[1.0, 1.0, 1.0, -1.0, 1.0, 1.0]
89,[1.0, 1.0, 1.0, -1.0, 1.0, 1.0]
90,[1.0, 1.0, 1.0, -1.0, 1.0, 1.0]
91,[1.0, 1.0, 1.0, -1.0, 1.0, 1.0]
92,[1.0, 1.0, 1.0, -1.0, 1.0, 1.0]
93,[1.0, 1.0, 1.0, -1.0, 1.0, 1.0]
94,[-1.0, 0.9987, -1.0, -1.0, -1.0, 1.0]
95,[-1.0, -1.0, 1.0, -0.9994, -0.9974, 1.0]
96,[-1.0, -1.0, 1.0, -1.0, -1.0, -1.0]
97,[-1.0, -1.0, 1.0, 1.0, -1.0, -1.0]
98,[0.994, -0.5752, 1.0, -0.9882, -1.0, -1.0]
99,[1.0, 0.9928, 1.0, 1.0, 1.0, -1.0]
100,[-0.9839, 1.0, -1.0, 0.9526, -1.0, 1.0]
101,[-1.0, -1.0, 1.0, -0.9994, -0.9972, 1.0]
102,[0.9999, -1.0, 1.0, -1.0, -1.0, -1.0]
103,[1.0, -1.0, 0.9999, 1.0, 1.0, -1.0]
104,[-1.0, -1.0, -1.0, -1.0, 1.0, -1.0]
105,[-1.0, 1.0, -1.0, 1.0, -1.0, 1.0]
106,[-1.0, -1.0, -1.0, -1.0, -1.0, 1.0]
107,[-0.4134, -1.0, 0.9965, -1.0, -1.0, -0.6293]
108,[-1.0, -1.0, 0.9994, 1.0, 1.0, -1.0]
109,[1.0, -1.0, -1.0, -1.0, -1.0, -1.0]
110,[0.9657, -0.9993, -1.0, 1.0, -0.7239, 1.0]
111,[-1.0, -0.0661, 1.0, 1.0, -1.0, -0.906]
112,[1.0, -0.8524, 1.0, -0.992, -1.0, -1.0]
113,[1.0, 1.0, 1.0, 1.0, 1.0, -1.0]
114,[-0.891, 1.0, -1.0, 1.0, -1.0, 1.0]
115,[-1.0, -1.0, -1.0, -1.0, -1.0, 1.0]
116,[0.9974, -0.9954, -0.9999, -1.0, -1.0, 1.0]
117,[0.9586, 0.9947, -0.9718, 1.0, 1.0, 0.2802]
118,[-1.0, -0.6094, -1.0, -1.0, -1.0, 1.0]
119,[-1.0, -1.0, 1.0, -0.9998, -1.0, -0.868]
120,[-1.0, -1.0, 1.0, -1.0, -1.0, -1.0]
121,[-1.0, -1.0, 1.0, 1.0, -1.0, -1.0]
122,[1.0, 0.9993, 0.9997, -0.9945, -1.0, -1.0]
123,[-0.9925, 1.0, -0.9999, -1.0, -0.98, -1.0]
124,[-1.0, -1.0, -1.0, 1.0, -1.0, 1.0]
125,[0.9993, -0.922, -0.9997, -1.0, -1.0, 1.0]
126,[-1.0, -1.0, 0.9998, -0.9973, -1.0, 0.9998]
127,[-0.7179, -1.0, 1.0, -1.0, -1.0, -1.0]
128,[-1.0, -1.0, 1.0, 1.0, -1.0, -1.0]
129,[1.0, 1.0, 0.9933, -0.9995, -1.0, -1.0]
130,[-0.9947, 1.0, -1.0, -1.0, -0.9967, -0.994]
131,[-1.0, -1.0, -1.0, 1.0, -1.0, 1.0]
132,[0.9998, -1.0, -0.9989, -1.0, -1.0, 1.0]
133,[1.0, -1.0, 1.0, -1.0, 1.0, -1.0]
134,[1.0, -1.0, -1.0, 1.0, 0.9871, -1.0]
135,[1.0, 1.0, -1.0, -0.9965, -1.0, 1.0]
136,[-1.0, -1.0, 1.0, -0.8608, -1.0, 1.0]
137,[1.0, -1.0, 1.0, -1.0, -1.0, -1.0]
138,[0.9995, -0.9957, 0.3829, 1.0, 1.0, -1.0]
139,[0.9801, 1.0, -1.0, 1.0, -1.0, 1.0]
140,[-1.0, -1.0, 0.9985, 1.0, -1.0, 0.9995]
141,[1.0, -1.0, 1.0, -1.0, 1.0, 1.0]
142,[0.1399, -1.0, 1.0, -1.0, 1.0, -1.0]
143,[1.0, -1.0, -1.0, 1.0, 1.0, -1.0]
144,[1.0, 1.0, -1.0, 1.0, -1.0, 1.0]
145,[-1.0, -1.0, 0.7968, 1.0, -1.0, 0.9951]
146,[1.0, -1.0, 1.0, -1.0, 1.0, 1.0]
147,[1.0, -1.0, -1.0, 1.0, 1.0, -1.0]
148,[1.0, 1.0, -1.0, 1.0, -1.0, 1.0]
149,[-0.7108, 0.9994, 0.9999, 1.0, -1.0, -1.0]
150,[-1.0, -1.0, -1.0, 0.998, -1.0, 0.9414]
151,[1.0, -1.0, 0.9998, -0.9978, -1.0, 1.0]
152,[0.9995, -0.9987, 1.0, -0.9998, 1.0, -1.0]
153,[1.0, -1.0, -1.0, 1.0, 1.0, -1.0]
154,[-1.0, -1.0, -1.0, 1.0, -1.0, 1.0]
155,[-0.5593, 1.0, -1.0, 1.0, -1.0, 1.0]
156,[-1.0, -1.0, -1.0, -1.0, -1.0, 1.0]
157,[-0.9993, 0.9861, 1.0, 0.3617, -1.0, -0.9983]
158,[-1.0, 1.0, -1.0, -0.9625, 1.0, -1.0]
159,[-1.0, -0.9984, -1.0, 1.0, -1.0, 1.0]
160,[-0.8766, 1.0, -0.983, -1.0, -1.0, 1.0]
161,[-1.0, -1.0, 1.0, 0.9992, -1.0, -0.9899]
162,[1.0, 1.0, 0.9467, 0.9993, -1.0, -1.0]
163,[-0.9998, 1.0, -1.0, -1.0, 1.0, -1.0]
164,[-1.0, -1.0, -1.0, 1.0, -1.0, 1.0]
165,[0.9996, 1.0, -0.9245, -0.9655, -1.0, 1.0]
166,[-0.9997, -1.0, 0.9967, 0.6248, -0.9999, 1.0]
167,[1.0, -1.0, 1.0, -1.0, 1.0, 1.0]
168,[0.9987, -0.9987, 1.0, -1.0, 1.0, -1.0]
169,[1.0, -1.0, -1.0, 1.0, 1.0, -1.0]
170,[1.0, 1.0, -1.0, 1.0, -1.0, 1.0]
171,[-1.0, -0.9952, -0.4829, 1.0, -1.0, -0.9513]
172,[0.3527, 1.0, -1.0, 1.0, -1.0, 1.0]
173,[-1.0, -0.9998, 0.9882, 1.0, -1.0, 0.2144]
174,[1.0, -0.9909, 1.0, -1.0, 1.0, 1.0]
175,[-0.0506, 0.5328, 1.0, -1.0, 1.0, -1.0]
176,[1.0, 1.0, -1.0, 1.0, -1.0, 1.0]
177,[-1.0, -0.7716, 0.9973, 1.0, -1.0, -0.9563]
178,[1.0, 0.8711, 0.941, 0.9999, -1.0, -1.0]
179,[-0.998, 1.0, -0.8381, -0.9994, 1.0, -1.0]
180,[-1.0, -1.0, -1.0, 1.0, -1.0, 1.0]
181,[-1.0, 1.0, -1.0, -1.0, -1.0, 1.0]
182,[-1.0, -1.0, -1.0, -1.0, -1.0, 1.0]
183,[-1.0, -1.0, 1.0, -0.9997, -1.0, -0.6077]
184,[-0.9983, -1.0, 1.0, 1.0, -1.0, -1.0]
185,[1.0, 1.0, 0.3632, 0.736, -1.0, -1.0]
186,[-0.9985, 1.0, -0.9994, -1.0, 1.0, -1.0]
187,[-1.0, 0.9975, -1.0, 1.0, -1.0, 1.0]
188,[-1.0, -1.0, 0.0652, 1.0, -1.0, 0.9999]
189,[1.0, -1.0, 1.0, -1.0, 1.0, 1.0]
190,[-0.9837, -1.0, 1.0, -1.0, 1.0, -1.0]
191,[-1.0, -1.0, -1.0, -1.0, -1.0, -1.0]
192,[-1.0, 0.4052, -1.0, 1.0, -1.0, 1.0]
193,[0.9994, 1.0, 0.9736, -0.9145, -1.0, 1.0]
194,[0.9597, 1.0, -1.0, -1.0, 0.9962, -1.0]
195,[1.0, 1.0, -1.0, 1.0, 1.0, 1.0]
196,[-1.0, 1.0, -1.0, -1.0, -1.0, 1.0]
197,[-1.0, -1.0, 0.3541, 0.5671, -1.0, 0.9999]
198,[1.0, 1.0, 1.0, -1.0, 1.0, -1.0]
199,[-1.0, -0.6515, 0.9898, -1.0, -1.0, -1.0]
200,[-1.0, -1.0, 0.994, 0.384, -1.0, -0.3918]
201,[-0.9994, -1.0, -0.9991, 1.0, -1.0, -1.0]
202,[0.6607, 1.0, -1.0, 1.0, -1.0, 1.0]
203,[-1.0, -1.0, 0.4931, 1.0, -1.0, 1.0]
204,[1.0, -1.0, 1.0, -1.0, 1.0, 1.0]
205,[0.9982, -0.9869, 1.0, -1.0, 1.0, -1.0]
206,[-0.7157, -0.9998, -1.0, 1.0, 1.0, -1.0]
207,[0.5566, 1.0, -1.0, 0.9988, -1.0, 1.0]
208,[0.8933, 0.9628, 0.9726, 1.0, 1.0, -0.5586]
209,[1.0, 1.0, -1.0, 1.0, -1.0, 1.0]
210,[-1.0, -0.9995, -0.8592, 1.0, -1.0, 0.2591]
211,[-0.9842, -0.9988, -1.0, 1.0, -0.1607, 1.0]
212,[0.9972, 0.9999, 0.6372, -1.0, -1.0, 1.0]
213,[-0.7677, -1.0, -0.3138, 0.9988, -0.097, 1.0]
214,[-0.9998, 1.0, -1.0, -1.0, -1.0, 1.0]
215,[-0.9918, -1.0, -0.9982, 0.9685, -0.9937, 1.0]
216,[-0.9928, -1.0, -1.0, -1.0, -1.0, 1.0]
217,[-1.0, -1.0, 1.0, -0.9998, -1.0, -0.4299]
218,[-0.6072, -1.0, 1.0, 1.0, -1.0, -1.0]
219,[1.0, 1.0, 1.0, 1.0, 1.0, -1.0]
220,[1.0, 1.0, -1.0, 0.9134, -1.0, 1.0]
221,[-1.0, -1.0, 0.3196, 1.0, -1.0, 1.0]
222,[1.0, 1.0, 1.0, -1.0, 0.8202, -1.0]
223,[1.0, 1.0, -1.0, 1.0, 1.0, 1.0]
224,[-1.0, 0.9991, -1.0, -1.0, -1.0, 1.0]
225,[-1.0, -1.0, 1.0, -0.9976, -1.0, -0.9963]
226,[-1.0, -1.0, 1.0, 0.9995, -1.0, -1.0]
227,[1.0, 1.0, -0.9001, -1.0, -1.0, -1.0]
228,[-1.0, -0.9983, -1.0, 1.0, -1.0, 0.9996]
229,[0.5071, 1.0, -1.0, -1.0, -1.0, 1.0]
230,[-0.9632, -1.0, -0.3719, 0.9996, -0.7564, 1.0]
231,[0.9951, 0.9996, 0.8354, -1.0, -1.0, 1.0]
232,[-1.0, -0.9993, 1.0, -1.0, -1.0, -1.0]
233,[-0.9998, -1.0, 1.0, 0.954, -1.0, -1.0]
234,[1.0, -1.0, -1.0, -1.0, -1.0, -1.0]
235,[-1.0, -1.0, -1.0, 1.0, -0.9895, 0.9995]
236,[0.9989, 1.0, -1.0, -1.0, -1.0, 1.0]
237,[0.9999, -1.0, 0.9973, 0.8114, 0.4058, 1.0]
238,[1.0, -1.0, 1.0, -1.0, 1.0, -1.0]
239,[1.0, -1.0, -0.9902, 1.0, 1.0, -1.0]
240,[1.0, -0.9929, -1.0, 0.9999, -1.0, 1.0]
241,[0.9926, 1.0, -0.9685, 1.0, -1.0, 1.0]
242,[-1.0, -1.0, 0.4167, 1.0, -1.0, 1.0]
243,[0.9931, -0.9913, 1.0, -1.0, 0.9966, 0.8419]
244,[1.0, 0.9995, 1.0, -1.0, 1.0, -1.0]
245,[1.0, 1.0, 1.0, -1.0, 1.0, 1.0]
246,[1.0, 1.0, 1.0, -1.0, 1.0, 1.0]
247,[1.0, 1.0, 1.0, -1.0, 1.0, 1.0]
248,[1.0, 1.0, 1.0, -1.0, 1.0, 1.0]
249,[1.0, 1.0, -1.0, 0.999, -1.0, 1.0]
250,[-1.0, -1.0, 0.9956, 1.0, -1.0, 0.9732]
251,[-1.0, -1.0, 1.0, 0.7864, 1.0, -0.4145]
252,[1.0, -1.0, -1.0, -0.987, -1.0, -1.0]
253,[-0.9991, -0.8824, -1.0, 1.0, -0.9975, 1.0]
254,[-0.8453, -1.0, 0.7567, 1.0, -1.0, 1.0]
255,[-1.0, 1.0, 1.0, -0.886, -1.0, -1.0]
256,[-1.0, -1.0, 0.1104, 0.9998, -1.0, -1.0]
257,[0.9998, 1.0, -1.0, 1.0, -1.0, 1.0]
258,[-1.0, -1.0, -0.9927, 1.0, -1.0, 0.9573]
259,[0.9481, 1.0, -0.0903, -0.9983, -1.0, 1.0]
260,[1.0, -0.8497, 1.0, -1.0, -0.9999, -1.0]
261,[1.0, -1.0, 0.9413, 1.0, 1.0, -1.0]
262,[-1.0, -1.0, -1.0, -1.0, -1.0, -1.0]
263,[-1.0, 1.0, -1.0, 1.0, -1.0, -0.9982]
264,[-1.0, 0.3079, -1.0, 1.0, -1.0, 1.0]
265,[-0.9999, 1.0, -1.0, -1.0, -1.0, 1.0]
266,[-1.0, -1.0, 1.0, -0.9317, -1.0, 0.9975]
267,[-1.0, -1.0, 0.9987, -0.6697, -1.0, 0.9996]
268,[-0.2343, -1.0, 1.0, -1.0, -1.0, -1.0]
269,[1.0, 0.9994, 0.9894, 1.0, 1.0, -1.0]
270,[1.0, 1.0, -1.0, 1.0, -0.9967, 0.9991]
271,[-1.0, -0.7175, -0.9978, 1.0, -1.0, -0.9849]
272,[1.0, 0.875, -1.0, 1.0, -1.0, 1.0]
273,[-1.0, -0.9942, -0.9764, 1.0, -1.0, 0.5542]
274,[0.932, 1.0, 0.3291, -0.9999, -1.0, 1.0]
275,[1.0, 1.0, 1.0, -1.0, -0.9933, -1.0]
276,[0.8109, 1.0, -1.0, -1.0, 1.0, -1.0]
277,[-1.0, 0.9995, -1.0, 1.0, -1.0, 1.0]
278,[-1.0, -1.0, -1.0, -0.9935, -1.0, 1.0]
279,[-0.9999, -1.0, -0.0224, -1.0, -1.0, 0.7647]
280,[-0.9828, -1.0, 1.0, -1.0, -1.0, -0.9991]
281,[-0.9916, -1.0, -1.0, 1.0, -1.0, -1.0]
282,[1.0, 1.0, -1.0, 1.0, -1.0, 1.0]
283,[-1.0, -1.0, -1.0, -0.9921, -1.0, 1.0]
284,[-1.0, -1.0, 1.0, -0.9971, -1.0, 0.9641]
285,[-0.7824, -1.0, 1.0, -1.0, -1.0, -1.0]
286,[-0.8431, -1.0, 1.0, -1.0, -1.0, -1.0]
287,[-0.9998, -1.0, 0.998, 1.0, -1.0, -1.0]
288,[1.0, 0.9998, -0.9975, -0.9978, -1.0, -1.0]
289,[-1.0, -0.9991, -1.0, 1.0, -1.0, 1.0]
290,[0.9956, 0.9998, 0.8955, -1.0, -1.0, 1.0]
291,[0.6052, 1.0, 1.0, -1.0, -0.9052, -0.9996]
292,[1.0, 1.0, -0.9999, -1.0, -0.6596, -0.993]
293,[-1.0, -0.7089, -1.0, 1.0, -0.8807, 1.0]
294,[0.9961, 0.9995, 0.8855, -1.0, -1.0, 1.0]
295,[1.0, 0.9999, 1.0, -1.0, -0.9993, -1.0]
296,[0.9995, 1.0, -0.9998, -1.0, 0.959, -0.9998]
297,[-1.0, 0.9995, -1.0, 1.0, -1.0, 1.0]
298,[-1.0, -1.0, -1.0, -0.9612, -1.0, 1.0]
299,[0.4821, -1.0, 0.9599, -0.9998, -1.0, 1.0]
300,[1.0, -1.0, 1.0, -1.0, 1.0, -1.0]
301,[1.0, 1.0, -1.0, -0.9464, 1.0, 1.0]
302,[-0.9894, 0.612, -0.9961, -1.0, -0.9903, 1.0]
303,[-1.0, -1.0, 1.0, -0.9995, -1.0, -0.6034]
304,[-1.0, -1.0, 1.0, 1.0, -1.0, -1.0]
305,[1.0, -1.0, 1.0, 0.9563, -1.0, -1.0]
306,[0.9998, -1.0, -1.0, -0.9554, -1.0, 1.0]
307,[0.9257, -0.9974, 0.7687, 1.0, 0.9895, -0.9983]
308,[0.9985, -1.0, -1.0, -1.0, 0.7036, -1.0]
309,[-1.0, 0.523, -1.0, -1.0, -1.0, 1.0]
310,[-1.0, -1.0, 1.0, -0.8489, -1.0, -0.9963]
311,[1.0, -1.0, -1.0, -1.0, -1.0, -1.0]
312,[-1.0, -1.0, -1.0, 1.0, -1.0, 1.0]
313,[0.9948, 0.9999, 0.8728, -1.0, -1.0, 1.0]
314,[0.9859, 1.0, -0.2427, -1.0, 1.0, -0.947]
315,[-0.8684, 0.9206, -1.0, 1.0, -1.0, 1.0]
316,[-1.0, -1.0, -1.0, -0.9918, -1.0, 1.0]
317,[1.0, -1.0, 1.0, 1.0, 1.0, -1.0]
318,[1.0, -1.0, -1.0, -1.0, 1.0, -1.0]
319,[0.7097, 0.9945, -1.0, 1.0, -1.0, 1.0]
320,[-1.0, 0.901, -1.0, 1.0, -1.0, 1.0]
321,[-1.0, -1.0, -0.9998, 1.0, 0.9999, 1.0]
322,[0.9539, -0.998, -1.0, -1.0, -1.0, 0.5325]
323,[-1.0, -1.0, -0.7748, 1.0, -1.0, 0.1602]
324,[0.9467, 1.0, -0.9792, -1.0, -1.0, 1.0]
325,[-1.0, -1.0, -0.9999, 1.0, 0.9988, 1.0]
326,[0.9995, -1.0, -1.0, -1.0, -1.0, -0.9337]
327,[1.0, -1.0, 0.9985, 1.0, 1.0, -1.0]
328,[0.9996, -1.0, -0.9999, -1.0, 1.0, -1.0]
329,[-1.0, -1.0, 0.9993, 1.0, -1.0, -1.0]
330,[1.0, -0.9978, 0.6903, -0.9352, -1.0, -1.0]
331,[0.9999, -1.0, 0.9997, 1.0, 1.0, -1.0]
332,[0.9994, -1.0, -1.0, -1.0, -0.9961, -1.0]
333,[-1.0, -0.8241, -1.0, 1.0, -0.6531, 1.0]
334,[0.9927, 1.0, -0.8722, 0.9952, -1.0, 1.0]
335,[-1.0, -0.9998, 1.0, 1.0, -1.0, -1.0]
336,[1.0, 0.9997, -0.9545, 0.9995, -1.0, -1.0]
337,[-1.0, -1.0, -1.0, 1.0, -1.0, 1.0]
338,[0.9404, -0.9772, -0.9999, 1.0, -1.0, 1.0]
339,[0.3627, -1.0, 0.9977, 1.0, -1.0, 1.0]
340,[1.0, -1.0, 1.0, -1.0, -1.0, -1.0]
341,[0.9998, -1.0, 0.9995, 1.0, 1.0, -1.0]
342,[0.9982, -1.0, -1.0, -1.0, -1.0, -1.0]
343,[-1.0, -1.0, -1.0, 1.0, -0.9991, 1.0]
344,[0.9962, -1.0, 1.0, 1.0, 0.9996, 1.0]
345,[0.9431, -1.0, 1.0, -1.0, 1.0, -1.0]
346,[-1.0, -1.0, -0.3465, 1.0, 0.9639, -1.0]
347,[1.0, 1.0, -1.0, -0.9937, -1.0, 1.0]
348,[-0.9999, 1.0, -0.9595, 1.0, 1.0, 1.0]
349,[-1.0, -0.9698, -1.0, -1.0, -1.0, 1.0]
350,[-1.0, -0.7195, -0.9189, 1.0, -1.0, -1.0]
351,[-0.5446, 1.0, -1.0, 1.0, -1.0, 1.0]
352,[-1.0, -1.0, -1.0, 1.0, -1.0, 1.0]
353,[-0.5184, -1.0, 1.0, 0.9998, 0.4596, -0.9043]
354,[0.9996, -1.0, -1.0, -1.0, -1.0, -1.0]
355,[-0.9999, -1.0, -1.0, 1.0, -1.0, 1.0]
356,[0.9996, 1.0, -0.3732, 0.8456, -1.0, 1.0]
357,[-1.0, -0.9998, -0.993, 1.0, -1.0, 1.0]
358,[0.9997, 1.0, 0.739, 0.937, -1.0, 1.0]
359,[-1.0, -1.0, 1.0, 1.0, 1.0, -1.0]
360,[1.0, -1.0, -1.0, -0.9897, -1.0, -1.0]
361,[-1.0, -1.0, -1.0, 1.0, -0.9986, 1.0]
362,[1.0, 1.0, 0.9688, -0.7639, -1.0, 1.0]
363,[1.0, 1.0, 1.0, -1.0, 1.0, -1.0]
364,[0.9987, 1.0, -1.0, -0.9464, -0.993, 0.2899]
365,[0.9957, 1.0, -1.0, 1.0, -1.0, 1.0]
366,[-1.0, -1.0, 1.0, 1.0, -1.0, -0.9999]
367,[-0.4099, 0.9814, 1.0, 1.0, -1.0, -1.0]
368,[-1.0, -1.0, 0.9921, 0.9005, -1.0, -1.0]
369,[0.9991, 1.0, 0.9985, 1.0, -1.0, -1.0]
370,[0.9294, 1.0, 1.0, 1.0, 1.0, -1.0]
371,[1.0, 1.0, -1.0, -0.9943, -1.0, 0.9979]
372,[-0.0926, -1.0, 0.9999, 1.0, 1.0, 0.4566]
373,[1.0, -1.0, -0.9957, -0.9999, -1.0, -1.0]
374,[-1.0, -1.0, -1.0, 1.0, 0.9994, 1.0]
375,[-1.0, 1.0, -1.0, -1.0, -1.0, 1.0]
376,[-1.0, -1.0, 1.0, -0.9387, -1.0, 0.9944]
377,[-1.0, -1.0, 1.0, -1.0, -1.0, -1.0]
378,[-0.6305, -1.0, 0.9996, 1.0, -1.0, -1.0]
379,[0.9872, -0.9729, -0.9848, 1.0, -1.0, -1.0]
380,[0.9999, -0.6735, -1.0, 1.0, -1.0, 1.0]
381,[0.9998, -1.0, 1.0, 1.0, 1.0, 1.0]
382,[0.9969, -1.0, 1.0, -1.0, 1.0, -1.0]
383,[1.0, 1.0, -1.0, 1.0, 1.0, -1.0]
384,[-1.0, 1.0, -1.0, -1.0, -1.0, 1.0]
385,[-1.0, -1.0, 1.0, 1.0, -1.0, 1.0]
386,[1.0, 1.0, 1.0, -1.0, 1.0, -1.0]
387,[1.0, 1.0, -1.0, -0.2727, 0.9999, -0.7746]
388,[-1.0, 1.0, -1.0, 1.0, -1.0, 1.0]
389,[-1.0, -1.0, -1.0, 1.0, -1.0, 1.0]
390,[0.9989, 1.0, -0.9572, 0.9992, -1.0, 1.0]
391,[-1.0, -1.0, -1.0, 1.0, -1.0, 1.0]
392,[0.9985, 1.0, 0.523, 0.9995, -1.0, 1.0]
393,[0.9989, 1.0, 1.0, -1.0, 1.0, -1.0]
394,[1.0, 1.0, -1.0, 0.9999, 1.0, 1.0]
395,[-1.0, 0.9998, -1.0, 1.0, -1.0, 1.0]
396,[0.9792, 1.0, 0.4317, 0.9904, -1.0, 1.0]
397,[0.9969, 1.0, 1.0, -1.0, 1.0, -1.0]
398,[1.0, 1.0, -1.0, -1.0, 1.0, 0.9996]
399,[1.0, 1.0, -0.124, -1.0, 1.0, -0.9997]
400,[-1.0, 0.9997, -1.0, 1.0, -1.0, 1.0]
401,[-1.0, -1.0, -1.0, 1.0, -1.0, 1.0]
402,[0.6321, 0.9999, 0.8643, -0.9365, -1.0, 1.0]
403,[1.0, -1.0, 1.0, -1.0, 1.0, -1.0]
404,[-1.0, -1.0, 1.0, -1.0, 1.0, -1.0]
405,[-1.0, -1.0, 1.0, -1.0, 1.0, -1.0]
406,[-1.0, -1.0, -1.0, -1.0, -1.0, -1.0]
407,[-1.0, 1.0, -1.0, 1.0, -1.0, 0.8782]
408,[-1.0, -1.0, -1.0, -0.9933, -1.0, 1.0]
409,[-1.0, -0.9995, -0.9867, 1.0, -1.0, -1.0]
410,[-0.2259, 1.0, -1.0, 1.0, -1.0, 1.0]
411,[-1.0, 0.4624, -1.0, 1.0, -1.0, 1.0]
412,[-1.0, -0.9967, -1.0, -1.0, -1.0, 1.0]
413,[-1.0, -0.9999, -0.9998, 1.0, -1.0, -0.769]
414,[-1.0, 1.0, -1.0, 1.0, -1.0, 1.0]
415,[-1.0, -1.0, -1.0, -0.9927, -1.0, 1.0]
416,[-1.0, -1.0, -0.9999, 1.0, -1.0, -0.1981]
417,[1.0, 0.996, 1.0, -1.0, -1.0, 1.0]
418,[1.0, -0.9993, 1.0, 0.9999, 1.0, -1.0]
419,[-0.7344, -1.0, -1.0, -1.0, 0.9035, -1.0]
420,[-1.0, 0.9992, -1.0, 1.0, -1.0, 1.0]
421,[-1.0, -0.999, -1.0, 0.9959, -1.0, 1.0]
422,[-0.3155, -1.0, -0.9821, 0.9999, -1.0, -0.9941]
423,[1.0, -1.0, 1.0, 0.4545, -1.0, 0.6733]
424,[1.0, -1.0, 1.0, 1.0, 1.0, -1.0]
425,[1.0, -1.0, -1.0, -1.0, -1.0, -1.0]
426,[0.9999, -1.0, 1.0, 1.0, 1.0, -1.0]
427,[0.9998, -1.0, 1.0, -1.0, 1.0, -1.0]
428,[0.9994, -0.5271, -1.0, 1.0, -1.0, 1.0]
429,[1.0, -1.0, -1.0, -1.0, -1.0, 1.0]
430,[-1.0, -1.0, 1.0, 1.0, -1.0, -0.9999]
431,[1.0, -1.0, 1.0, 0.9999, -1.0, -1.0]
432,[1.0, -1.0, 1.0, 1.0, 1.0, -1.0]
433,[-0.4636, -1.0, -0.756, -1.0, -1.0, -1.0]
434,[0.9999, 1.0, -1.0, 1.0, -1.0, 1.0]
435,[-1.0, -0.9136, -1.0, 1.0, -1.0, 1.0]
436,[1.0, 1.0, -1.0, -1.0, -1.0, 0.9937]
437,[-0.9997, 1.0, 0.9978, 0.9959, 1.0, 0.9778]
438,[-1.0, -0.9462, -1.0, -1.0, -1.0, -1.0]
439,[-1.0, 1.0, -1.0, 1.0, -1.0, 0.9999]
440,[-1.0, -1.0, -1.0, 0.9999, -1.0, 1.0]
441,[1.0, 0.9994, 1.0, 0.7577, -1.0, 0.8747]
442,[1.0, 1.0, 1.0, -1.0, 1.0, -1.0]
443,[1.0, 1.0, -1.0, -0.9725, -1.0, -0.9999]
444,[-1.0, 0.9426, -1.0, 1.0, 1.0, 1.0]
445,[-1.0, -1.0, -1.0, -1.0, -1.0, 1.0]
446,[0.6186, -1.0, 0.8021, 0.9998, -1.0, -1.0]
447,[1.0, -1.0, 1.0, 1.0, 1.0, -1.0]
448,[0.9997, -1.0, -0.9999, -1.0, -0.9131, -1.0]
449,[-1.0, -1.0, -1.0, 1.0, 0.9996, 1.0]
450,[1.0, 1.0, -1.0, -1.0, -1.0, 1.0]
451,[-0.9999, 1.0, 0.9994, -0.4332, 1.0, 0.9934]
452,[-0.9965, -1.0, -1.0, -1.0, -1.0, -1.0]
453,[-0.9916, 1.0, -1.0, 1.0, -1.0, 1.0]
454,[-1.0, -1.0, -1.0, 0.9635, -1.0, 1.0]
455,[-1.0, -1.0, -1.0, 1.0, -1.0, 1.0]
456,[1.0, -0.186, 1.0, 0.8036, -1.0, 0.9452]
457,[0.9517, -1.0, 1.0, -1.0, 1.0, -1.0]
458,[1.0, -1.0, 1.0, -1.0, 0.9807, -1.0]
459,[1.0, -1.0, 1.0, -0.0666, -0.6814, -1.0]
460,[1.0, 0.9814, 1.0, 1.0, 1.0, -1.0]
461,[0.9832, 1.0, 1.0, -1.0, 1.0, -1.0]
462,[1.0, 1.0, -1.0, -0.9997, 0.9999, 0.994]
463,[-1.0, -1.0, -1.0, 1.0, -1.0, 1.0]
464,[1.0, 0.9994, 1.0, 0.8448, -1.0, 0.8456]
465,[-1.0, -1.0, -1.0, 0.9963, -1.0, 1.0]
466,[1.0, -0.9996, 1.0, 0.9858, -0.9999, -1.0]
467,[1.0, -1.0, 1.0, 1.0, 0.9835, -1.0]
468,[-0.9928, -1.0, -0.9715, -1.0, -0.9999, -1.0]
469,[-1.0, 1.0, -1.0, 1.0, -1.0, 1.0]
470,[-1.0, -1.0, -1.0, 1.0, -1.0, 1.0]
471,[1.0, 0.3669, 1.0, 0.9558, -1.0, 0.0121]
472,[1.0, 1.0, 1.0, -1.0, 1.0, -1.0]
473,[1.0, 1.0, -1.0, -0.7393, 1.0, 0.9998]
474,[-1.0, -0.8424, -0.9685, -1.0, -1.0, 1.0]
475,[-1.0, -1.0, 1.0, -0.9523, -1.0, 0.7833]
476,[-1.0, -0.9968, 1.0, -1.0, 1.0, -1.0]
477,[0.9999, -1.0, -1.0, -1.0, -1.0, -1.0]
478,[-0.9997, -0.9985, -1.0, 1.0, 0.7481, 1.0]
479,[1.0, -1.0, -1.0, 1.0, -1.0, 1.0]
480,[0.9997, -0.9995, 1.0, 1.0, -1.0, 1.0]
481,[0.9949, -1.0, 1.0, -0.2418, 1.0, -1.0]
482,[1.0, -1.0, 1.0, -1.0, 0.9922, -1.0]
483,[1.0, -1.0, 0.9899, 1.0, -1.0, -1.0]
484,[1.0, -1.0, 1.0, 1.0, -0.9533, -1.0]
485,[1.0, -1.0, 1.0, 1.0, 0.9999, -1.0]
486,[-0.9992, -0.9969, 0.6374, -1.0, -1.0, -1.0]
487,[-1.0, -0.9973, 0.9981, 1.0, -1.0, -1.0]
488,[1.0, -1.0, 0.9964, 0.9943, -1.0, -1.0]
489,[1.0, -1.0, 1.0, 1.0, 1.0, -1.0]
490,[0.9856, 1.0, 1.0, -1.0, -0.9867, -1.0]
491,[1.0, 1.0, 1.0, -1.0, 1.0, -1.0]
492,[1.0, 1.0, 0.9088, 0.9977, 1.0, -1.0]
493,[1.0, 1.0, -1.0, -0.9848, -0.9999, -0.9865]
494,[-1.0, 0.6135, -1.0, 1.0, 1.0, 1.0]
495,[-1.0, 1.0, -1.0, -1.0, -1.0, 1.0]
496,[-1.0, -1.0, -1.0, 0.9999, -1.0, 1.0]
497,[0.9995, 0.9939, 0.9997, 1.0, -1.0, 1.0]
498,[1.0, 1.0, 1.0, -1.0, 1.0, -1.0]
499,[0.9994, 1.0, -1.0, 0.9894, 0.9997, -1.0]
500,[-1.0, 0.9896, -1.0, 1.0, -1.0, 0.9998]
501,[-1.0, -1.0, -1.0, 1.0, -1.0, 1.0]
502,[0.9981, 0.9951, 1.0, 1.0, -1.0, 0.9941]
503,[1.0, 1.0, 1.0, -1.0, 1.0, -1.0]
504,[-1.0, -0.8043, -1.0, 1.0, -1.0, 1.0]
505,[-1.0, -1.0, 1.0, -1.0, 1.0, -1.0]
506,[-1.0, -1.0, -1.0, -1.0, -1.0, -1.0]
507,[-1.0, 0.9999, -1.0, 1.0, -1.0, 1.0]
508,[-1.0, -1.0, -1.0, 1.0, -1.0, 1.0]
509,[0.9994, 1.0, -0.9841, 1.0, -1.0, 1.0]
510,[-1.0, -0.2524, -0.9964, 1.0, -1.0, 1.0]
511,[0.8862, 0.9997, -0.9785, 1.0, -1.0, 1.0]
512,[-1.0, -0.9979, -0.7066, 1.0, -1.0, 1.0]
513,[-0.5016, 1.0, -1.0, -1.0, -1.0, 1.0]
514,[-1.0, -1.0, 1.0, 1.0, -1.0, 0.5255]
515,[1.0, -1.0, 1.0, -1.0, 1.0, -1.0]
516,[0.9965, -1.0, 1.0, 1.0, -0.9999, -1.0]
517,[1.0, -1.0, 1.0, 1.0, 0.9999, -1.0]
518,[-0.9136, -1.0, 1.0, 1.0, -0.9998, -1.0]
519,[0.6993, -1.0, 1.0, -0.8784, -1.0, -1.0]
520,[-1.0, -1.0, 1.0, 1.0, 1.0, -1.0]
521,[0.365, -0.9978, -1.0, -0.987, -1.0, -1.0]
522,[0.5925, 1.0, -1.0, 1.0, -1.0, 1.0]
523,[-1.0, 0.9995, 0.9999, 1.0, 0.3206, -0.9384]
524,[0.065, -1.0, 0.5366, -1.0, -0.2693, -1.0]
525,[-1.0, -1.0, -0.4405, -1.0, 0.9995, -1.0]
526,[-1.0, 1.0, -1.0, 1.0, -1.0, 0.9996]
527,[-1.0, -1.0, -1.0, 0.9999, -1.0, 1.0]
528,[-1.0, 1.0, -1.0, 1.0, -1.0, 1.0]
529,[-1.0, -1.0, -1.0, 0.9988, -1.0, 1.0]
530,[1.0, 0.9998, 1.0, 1.0, -1.0, 1.0]
531,[0.9996, 1.0, 1.0, 1.0, 1.0, -1.0]
532,[1.0, 1.0, -1.0, 0.9921, -1.0, -0.9978]
533,[-1.0, 0.9723, -1.0, 1.0, -1.0, 1.0]
534,[-1.0, -1.0, -1.0, 0.9995, -1.0, 1.0]
535,[1.0, 0.9726, 1.0, 1.0, -1.0, 1.0]
536,[1.0, 1.0, 1.0, -1.0, 1.0, -1.0]
537,[1.0, 1.0, 1.0, -1.0, 1.0, -1.0]
538,[1.0, 1.0, -1.0, -1.0, 1.0, 0.9987]
539,[-1.0, -0.9979, -1.0, -1.0, -1.0, 1.0]
540,[-1.0, -0.99, 1.0, -1.0, 0.7305, -1.0]
541,[-0.9996, 0.9999, -1.0, -1.0, -1.0, 0.0455]
542,[-1.0, -1.0, 0.7309, 1.0, -1.0, 0.9998]
543,[-0.4488, -0.9964, 1.0, -0.9919, -1.0, -1.0]
544,[0.9997, -1.0, 1.0, 1.0, -1.0, -1.0]
545,[1.0, -1.0, 1.0, 1.0, 1.0, -1.0]
546,[0.2488, -1.0, -0.8951, -1.0, 0.2419, -1.0]
547,[-0.9989, 1.0, -1.0, 1.0, -1.0, 1.0]
548,[-1.0, -1.0, -1.0, 1.0, -1.0, 1.0]
549,[1.0, -1.0, 1.0, -1.0, 1.0, -1.0]
550,[0.9988, -0.5029, 0.7122, -0.9999, 0.9998, -1.0]
551,[-1.0, -1.0, -1.0, 1.0, -1.0, -1.0]
552,[0.9999, 1.0, -1.0, 1.0, -1.0, 1.0]
553,[-1.0, -0.6637, -1.0, 1.0, -1.0, 0.9961]
554,[-1.0, -1.0, -1.0, 0.9998, -1.0, 1.0]
555,[1.0, 0.9998, 1.0, 1.0, -1.0, 1.0]
556,[-1.0, -0.9606, -0.9974, -1.0, -1.0, 1.0]
557,[-0.7299, -1.0, 0.9959, 1.0, -1.0, 0.988]
558,[0.9954, -1.0, 1.0, 0.8528, -1.0, -1.0]
559,[1.0, -0.9997, 1.0, 1.0, 1.0, -1.0]
560,[1.0, -1.0, -1.0, -1.0, 0.9998, -1.0]
561,[-0.9949, 0.9482, -1.0, 1.0, -1.0, 1.0]
562,[-1.0, -0.9993, -0.7433, 1.0, -1.0, 0.9887]
563,[0.9771, -0.9376, 1.0, 1.0, 1.0, 1.0]
564,[-0.989, -1.0, 1.0, -1.0, 1.0, -1.0]
565,[-1.0, -1.0, -1.0, -1.0, -1.0, -1.0]
566,[-1.0, 1.0, -1.0, 1.0, -1.0, 1.0]
567,[-1.0, 0.9138, -1.0, 0.9996, -1.0, 1.0]
568,[-1.0, -0.9926, -1.0, 0.9996, -1.0, 1.0]
569,[1.0, 1.0, 1.0, 1.0, -1.0, 1.0]
570,[1.0, 1.0, 1.0, -0.9995, 1.0, -1.0]
571,[1.0, 1.0, -1.0, 0.9722, 1.0, 1.0]
572,[-1.0, 0.9999, -1.0, 0.9999, -1.0, 1.0]
573,[-1.0, -1.0, -1.0, 1.0, -1.0, 1.0]
574,[1.0, 0.9988, 1.0, 1.0, -1.0, 1.0]
575,[1.0, 1.0, 1.0, -1.0, 1.0, -1.0]
576,[1.0, 1.0, 0.9997, 0.9983, 1.0, -1.0]
577,[1.0, 1.0, -1.0, -0.2337, -1.0, 0.934]
578,[1.0, 1.0, 1.0, 0.5496, 1.0, -0.8323]
579,[-0.5339, -1.0, 1.0, -1.0, 1.0, -1.0]
580,[-0.9901, -1.0, -1.0, -1.0, -1.0, -1.0]
581,[-1.0, -0.8432, -1.0, 1.0, -1.0, 1.0]
582,[1.0, 0.9917, 1.0, 1.0, -1.0, 1.0]
583,[1.0, 1.0, 1.0, -1.0, 1.0, -1.0]
584,[1.0, 1.0, 1.0, -1.0, 1.0, -1.0]
585,[-1.0, -0.6398, -1.0, -1.0, -1.0, -0.8331]
586,[0.0502, 1.0, -1.0, 1.0, -1.0, 1.0]
587,[-1.0, -1.0, -1.0, 1.0, -1.0, 1.0]
588,[1.0, 0.9856, 0.9997, 1.0, -1.0, 1.0]
589,[0.9559, -1.0, 1.0, -0.9999, -1.0, -1.0]
590,[1.0, -1.0, 1.0, 0.9947, -1.0, -1.0]
591,[0.7958, 1.0, 1.0, 0.996, 1.0, -1.0]
592,[1.0, 1.0, -1.0, -0.9112, -0.9999, 1.0]
593,[-1.0, 1.0, 1.0, -0.2798, 0.9368, -0.984]
594,[1.0, 0.9998, -1.0, -1.0, -1.0, -0.9845]
595,[-1.0, -0.8308, -1.0, 1.0, 0.9999, 1.0]
596,[-1.0, -1.0, 1.0, -1.0, 1.0, -1.0]
597,[-1.0, -1.0, -0.9336, -1.0, -1.0, -1.0]
598,[0.9964, 1.0, -1.0, 1.0, -1.0, 1.0]
599,[1.0, 1.0, 1.0, -1.0, 1.0, -1.0]
600,[1.0, 1.0, -1.0, 0.5277, 1.0, 0.9995]
601,[-0.9994, 0.9949, -1.0, -1.0, -1.0, 1.0]
602,[-1.0, -1.0, -0.9999, 1.0, -1.0, 1.0]
603,[0.687, -1.0, 1.0, -1.0, -0.9999, -1.0]
604,[1.0, -1.0, 1.0, 0.9934, 1.0, -1.0]
605,[0.4242, -1.0, -0.9855, -1.0, -0.9999, -1.0]
606,[-1.0, -0.0193, -1.0, 1.0, 1.0, 1.0]
607,[1.0, 1.0, -1.0, 0.7194, -1.0, 1.0]
608,[-0.9241, -0.9998, -1.0, -0.9983, -1.0, 1.0]
609,[-0.9992, -1.0, 0.9996, 1.0, -1.0, -0.9985]
610,[1.0, -0.9999, 1.0, 0.9998, -1.0, -0.9993]
611,[1.0, -1.0, 1.0, -1.0, 0.9126, -1.0]
612,[-0.0022, -1.0, 0.9999, -1.0, 0.9998, -1.0]
613,[1.0, -1.0, 1.0, 1.0, 1.0, -1.0]
614,[0.1011, -1.0, 0.4802, -1.0, -0.7832, -1.0]
615,[1.0, -1.0, 1.0, 1.0, -0.9904, -1.0]
616,[1.0, -1.0, 1.0, 1.0, 1.0, -1.0]
617,[-0.9998, -0.9947, -1.0, -1.0, 0.9992, -1.0]
618,[-1.0, 1.0, -1.0, 0.9981, -1.0, 1.0]
619,[-1.0, -1.0, -1.0, 0.9977, -1.0, 1.0]
620,[1.0, 1.0, 1.0, -1.0, 1.0, -1.0]
621,[1.0, 1.0, -1.0, 0.9999, 1.0, 1.0]
622,[-1.0, 1.0, -1.0, -0.9992, -1.0, 1.0]
623,[-1.0, -1.0, -0.9999, 1.0, -1.0, 1.0]
624,[-0.9999, 1.0, -1.0, -1.0, -1.0, 1.0]
625,[-1.0, -1.0, -0.9999, 1.0, -1.0, 1.0]
626,[1.0, 0.9548, 0.859, 1.0, -1.0, 1.0]
627,[1.0, 1.0, 1.0, -1.0, 1.0, -1.0]
628,[1.0, 1.0, -1.0, -1.0, -0.9999, 1.0]
629,[1.0, 1.0, 1.0, -1.0, 1.0, -0.9997]
630,[1.0, 1.0, -1.0, -0.4258, 1.0, 1.0]
631,[-1.0, -1.0, 0.9442, -1.0, -1.0, 1.0]
632,[-0.8753, 0.291, 1.0, -1.0, 1.0, -1.0]
633,[-0.9999, 0.9978, -1.0, 1.0, -1.0, 1.0]
634,[-1.0, -1.0, -1.0, 1.0, -1.0, 1.0]
635,[1.0, 0.9903, 0.9805, 1.0, -1.0, 1.0]
636,[1.0, 1.0, 1.0, -0.9999, 1.0, -1.0]
637,[1.0, 1.0, -1.0, -0.4051, 1.0, 1.0]
638,[-0.6053, 0.5251, -1.0, -1.0, -1.0, 1.0]
639,[-1.0, -1.0, -1.0, 1.0, -1.0, 1.0]
640,[1.0, -0.9717, 0.9989, -0.99, -1.0, 1.0]
641,[1.0, -1.0, 1.0, 0.9992, 1.0, -1.0]
642,[1.0, -1.0, -0.9946, -1.0, -1.0, -0.9999]
643,[-1.0, 0.437, -1.0, 1.0, 1.0, 1.0]
644,[-1.0, 0.9932, -1.0, -1.0, -1.0, 1.0]
645,[-1.0, -1.0, -1.0, 1.0, -1.0, 1.0]
646,[1.0, -1.0, 1.0, -0.9404, -1.0, 1.0]
647,[1.0, -1.0, 1.0, -1.0, 1.0, -1.0]
648,[-1.0, -1.0, 1.0, -1.0, 1.0, -1.0]
649,[-1.0, -1.0, 1.0, -1.0, 1.0, -1.0]
650,[-0.9968, -1.0, -0.9991, -1.0, -1.0, -1.0]
651,[0.7223, 1.0, -1.0, 1.0, -1.0, 1.0]
652,[-1.0, -1.0, -0.9997, 1.0, -1.0, 1.0]
653,[-0.991, -1.0, 1.0, 1.0, -1.0, -0.999]
654,[1.0, -1.0, 0.9823, -1.0, -1.0, -1.0]
655,[0.9989, -1.0, 1.0, 1.0, -1.0, -1.0]
656,[-0.9929, -1.0, -0.9553, -1.0, -1.0, -1.0]
657,[0.0926, 1.0, -1.0, 1.0, -1.0, 1.0]
658,[-1.0, -1.0, -1.0, 1.0, -1.0, 1.0]
659,[1.0, 1.0, 0.9995, 1.0, -1.0, 1.0]
660,[1.0, 1.0, 1.0, -1.0, 1.0, -1.0]
661,[1.0, 1.0, -1.0, 0.2981, 1.0, -0.9497]
662,[0.6015, 1.0, -1.0, -1.0, -1.0, 1.0]
663,[1.0, 1.0, 1.0, -0.5634, 1.0, -0.6494]
664,[1.0, 1.0, -1.0, -0.8975, -1.0, 0.9997]
665,[1.0, 1.0, 1.0, -0.9999, 1.0, -1.0]
666,[-0.9912, -1.0, -1.0, 0.9101, -1.0, -1.0]
667,[0.9985, 1.0, -1.0, 1.0, -1.0, 1.0]
668,[-1.0, -1.0, -0.8074, 1.0, -1.0, 1.0]
669,[1.0, -0.2578, 0.9985, 1.0, -1.0, 1.0]
670,[-0.9996, -1.0, 1.0, -1.0, 1.0, -1.0]
671,[-1.0, -1.0, -0.9899, -1.0, -1.0, -1.0]
672,[0.9946, 1.0, -1.0, 1.0, -1.0, 1.0]
673,[-1.0, -0.9829, 0.0032, 1.0, -0.9347, 1.0]
674,[1.0, 1.0, -1.0, 1.0, -1.0, 1.0]
675,[-1.0, -1.0, -0.8312, 1.0, -1.0, 1.0]
676,[1.0, -0.9972, 0.9999, 1.0, -1.0, 1.0]
677,[0.9409, -1.0, 1.0, -1.0, 1.0, -1.0]
678,[-0.6427, -1.0, 0.1788, -1.0, 1.0, -1.0]
679,[0.8955, -1.0, -0.2795, -1.0, -1.0, -1.0]
680,[1.0, -1.0, 1.0, 0.993, 1.0, -1.0]
681,[0.9901, -1.0, 0.3636, -1.0, -0.9994, -1.0]
682,[1.0, -1.0, 1.0, 0.9998, 1.0, -1.0]
683,[-0.9999, 1.0, -1.0, -0.9858, -1.0, 1.0]
684,[-1.0, -1.0, -1.0, 1.0, -1.0, 1.0]
685,[-1.0, -1.0, -1.0, 0.9997, -1.0, 1.0]
686,[1.0, 0.9864, 0.905, 1.0, -1.0, 1.0]
687,[1.0, 1.0, 1.0, -0.9999, 1.0, -1.0]
688,[1.0, 1.0, -1.0, -1.0, 1.0, 0.8554]
689,[0.2612, 1.0, -1.0, -0.9997, -1.0, 1.0]
690,[1.0, 1.0, 1.0, 0.5437, 1.0, -0.9985]
691,[1.0, 1.0, 0.9457, -1.0, 0.7621, 0.9929]
692,[1.0, 0.9979, 1.0, -1.0, 1.0, -1.0]
693,[1.0, 0.9826, 0.8294, -0.9912, 1.0, -1.0]
694,[1.0, 1.0, -1.0, -1.0, 1.0, 0.5016]
695,[-0.9951, 0.9861, -1.0, -1.0, -1.0, 1.0]
696,[-1.0, -1.0, 1.0, -0.9987, 0.6846, -1.0]
697,[-1.0, -1.0, -0.9384, -1.0, -1.0, -1.0]
698,[0.8392, 1.0, -1.0, 1.0, -1.0, 1.0]
699,[-1.0, -0.9998, 0.8225, 1.0, -1.0, 0.9976]
700,[0.8323, -1.0, 1.0, -1.0, 1.0, -1.0]
701,[-1.0, -0.9795, -0.9798, -0.9895, -1.0, -1.0]
702,[0.9931, 1.0, -1.0, 1.0, -1.0, 1.0]
703,[-0.981, 1.0, 0.9494, 1.0, -0.9894, 1.0]
704,[0.6379, -1.0, 1.0, -1.0, -1.0, -1.0]
705,[1.0, -1.0, 1.0, 0.9987, 1.0, -1.0]
706,[-0.5432, -1.0, 0.9999, -1.0, 0.9866, -1.0]
707,[-0.9999, -1.0, -1.0, -1.0, -1.0, -1.0]
708,[-0.9998, 0.8608, -1.0, 1.0, -1.0, 1.0]
709,[-1.0, -1.0, -1.0, 1.0, -1.0, 1.0]
710,[1.0, 0.9946, 0.6812, 1.0, -1.0, 1.0]
711,[1.0, 1.0, 1.0, -0.9999, 1.0, -1.0]
712,[-0.6003, 1.0, -1.0, 1.0, 0.9973, 0.8499]
713,[-1.0, 1.0, -1.0, -1.0, -1.0, 1.0]
714,[-1.0, -1.0, 1.0, 1.0, -1.0, 0.714]
715,[0.8734, -1.0, 1.0, -1.0, 1.0, -1.0]
716,[-0.9998, -1.0, -0.1705, -1.0, 0.9362, -1.0]
717,[1.0, -1.0, 1.0, 1.0, -1.0, -1.0]
718,[1.0, -1.0, 1.0, 1.0, 0.9986, -1.0]
719,[-0.4353, -1.0, 0.8404, -1.0, -0.9893, -1.0]
720,[0.9997, -1.0, 1.0, 1.0, 0.9998, -1.0]
721,[-0.915, -1.0, 0.9969, -1.0, -0.9999, -1.0]
722,[1.0, -1.0, 1.0, 1.0, -1.0, -1.0]
723,[1.0, -0.9818, 1.0, 1.0, 1.0, -1.0]
724,[-0.9182, -1.0, 0.9976, -1.0, -0.9999, -1.0]
725,[-1.0, -1.0, 1.0, 1.0, -1.0, -1.0]
726,[1.0, 0.9969, 1.0, 0.6, -1.0, -0.9478]
727,[-1.0, 1.0, 1.0, 1.0, 1.0, -1.0]
728,[1.0, 1.0, -1.0, -1.0, -1.0, 0.9999]
729,[-0.2996, 0.9976, 1.0, 1.0, 1.0, -0.0261]
730,[-1.0, 1.0, 1.0, -1.0, -1.0, -1.0]
731,[-1.0, 1.0, 0.7792, -0.994, -0.5478, -1.0]
732,[-1.0, 1.0, -0.9996, -0.9947, -0.998, -1.0]
733,[-1.0, -1.0, -1.0, 1.0, -1.0, 1.0]
734,[0.9714, 1.0, -1.0, -0.9986, -1.0, 1.0]
735,[1.0, 1.0, 1.0, -1.0, 1.0, -1.0]
736,[1.0, 1.0, -1.0, 0.9987, 1.0, 1.0]
737,[-1.0, 1.0, -1.0, -1.0, -1.0, 1.0]
738,[-1.0, -1.0, -1.0, 1.0, -1.0, 1.0]
739,[1.0, 0.982, -0.999, 1.0, -1.0, 1.0]
740,[-1.0, 0.6636, -1.0, 1.0, -1.0, 0.9963]
741,[-1.0, -1.0, -1.0, 1.0, -1.0, 1.0]
742,[1.0, -0.9856, -0.8187, 0.9994, -1.0, 1.0]
743,[1.0, -1.0, 1.0, 1.0, 1.0, 1.0]
744,[-1.0, -1.0, 1.0, -1.0, 1.0, -1.0]
745,[-1.0, -1.0, -0.9999, -1.0, -1.0, -1.0]
746,[0.9092, 1.0, -1.0, 1.0, -1.0, 1.0]
747,[-1.0, -0.9994, -1.0, 1.0, -1.0, 0.9768]
748,[1.0, 0.9613, 0.6265, 1.0, -1.0, 1.0]
749,[0.4434, -1.0, 1.0, -1.0, 1.0, -1.0]
750,[0.5092, -1.0, -1.0, -1.0, 0.6671, -1.0]
751,[-1.0, 0.7335, -1.0, 1.0, -1.0, 1.0]
752,[-1.0, -1.0, -1.0, 1.0, -1.0, 1.0]
753,[1.0, 0.9885, 0.7383, 1.0, -1.0, 1.0]
754,[-1.0, -0.9999, -0.9922, 1.0, -1.0, 0.9927]
755,[1.0, 0.9776, 0.7516, 1.0, -1.0, 1.0]
756,[1.0, 1.0, 1.0, -1.0, 1.0, -1.0]
757,[1.0, 0.9998, -1.0, -0.999, 0.9999, -0.8258]
758,[0.9488, 1.0, -1.0, -0.9999, -1.0, 1.0]
759,[1.0, 0.9997, 1.0, 0.9992, 1.0, -0.9629]
760,[1.0, 1.0, -0.7919, -1.0, -0.1448, 1.0]
761,[-1.0, -1.0, 0.2348, -1.0, -1.0, 1.0]
762,[-1.0, -0.9999, 1.0, -1.0, 1.0, -1.0]
763,[-1.0, -1.0, -0.9506, -1.0, -1.0, -1.0]
764,[0.9904, 1.0, -1.0, 1.0, -1.0, 1.0]
765,[-1.0, -0.9999, 0.8097, 1.0, -1.0, 0.997]
766,[0.9607, -1.0, 1.0, -1.0, 1.0, -1.0]
767,[-0.9998, -1.0, -0.9999, -1.0, 0.049, -1.0]
768,[0.7614, -0.9981, -1.0, -0.8904, -1.0, 1.0]
769,[1.0, -1.0, 1.0, 1.0, 1.0, -1.0]
770,[-0.9721, -1.0, 0.9998, -1.0, -0.9999, -1.0]
771,[1.0, -1.0, 1.0, 1.0, -1.0, -0.9994]
772,[1.0, -1.0, 1.0, 1.0, 0.9985, -1.0]
773,[-0.9306, -1.0, 0.9979, -1.0, -0.9999, -1.0]
774,[1.0, -1.0, 1.0, 1.0, -1.0, -1.0]
775,[-0.9997, -1.0, 1.0, 1.0, 1.0, -1.0]
776,[-1.0, -1.0, -1.0, -1.0, -1.0, -1.0]
777,[-1.0, 1.0, -1.0, 1.0, -1.0, 1.0]
778,[-1.0, 0.9998, -1.0, 1.0, -1.0, 1.0]
779,[-1.0, -1.0, -1.0, 1.0, -1.0, 1.0]
780,[1.0, 0.9863, 0.7291, 1.0, -1.0, 1.0]
781,[-1.0, -0.7289, -0.9892, 1.0, -1.0, 1.0]
782,[1.0, 0.991, 0.7549, 1.0, -1.0, 1.0]
783,[1.0, 1.0, 1.0, -1.0, 1.0, -1.0]
784,[1.0, 1.0, -1.0, 0.9883, 1.0, -0.123]
785,[1.0, 1.0, -1.0, -1.0, -1.0, 1.0]
786,[0.9996, 1.0, 1.0, 0.9987, 1.0, -1.0]
787,[0.5446, 1.0, 1.0, 0.938, 1.0, -1.0]
788,[1.0, 0.9999, -1.0, -1.0, -1.0, 1.0]
789,[0.9995, 0.9506, 1.0, 1.0, 1.0, -0.9952]
790,[1.0, 1.0, -0.8148, -1.0, 0.9998, 1.0]
791,[-1.0, -1.0, -0.9711, -0.9909, -1.0, 1.0]
792,[-1.0, -1.0, 1.0, 0.9999, -1.0, 0.9062]
793,[1.0, -1.0, 1.0, -1.0, 1.0, -1.0]
794,[-1.0, -1.0, -1.0, -1.0, 0.9983, -1.0]
795,[-0.9997, -0.9535, -1.0, 0.9994, -1.0, 1.0]
796,[1.0, 0.9985, -0.5264, 1.0, -1.0, 1.0]
797,[-1.0, -0.9979, 0.8835, 1.0, -1.0, 0.9962]
798,[0.9653, -1.0, 1.0, -1.0, 1.0, -1.0]
799,[-1.0, -1.0, -0.994, -1.0, 0.9546, -1.0]
800,[-0.4026, 0.1665, -1.0, -0.9284, -1.0, 1.0]
801,[1.0, -1.0, 1.0, 1.0, 1.0, -1.0]
802,[-0.9996, 0.9989, -1.0, 1.0, -1.0, 1.0]
803,[-1.0, -1.0, -1.0, 1.0, -1.0, 1.0]
804,[1.0, 0.998, 0.1303, 1.0, -1.0, 1.0]
805,[-0.6028, -1.0, 1.0, 0.9993, 1.0, -1.0]
806,[0.6031, -1.0, 1.0, -1.0, -1.0, -1.0]
807,[0.9995, -1.0, 1.0, 0.9856, 0.9999, -1.0]
808,[0.9068, -1.0, 1.0, -1.0, -0.9474, -1.0]
809,[0.0273, -1.0, 1.0, 1.0, 0.9999, -1.0]
810,[-1.0, -1.0, 1.0, -1.0, 1.0, -1.0]
811,[-1.0, -1.0, -1.0, -1.0, -1.0, -1.0]
812,[-1.0, 1.0, -1.0, 1.0, -1.0, 1.0]
813,[-1.0, -0.9713, -1.0, 1.0, -1.0, 1.0]
814,[1.0, 0.9815, 0.8309, 1.0, -1.0, 1.0]
815,[0.9991, 1.0, 1.0, 0.3573, 1.0, -1.0]
816,[1.0, 1.0, -1.0, -0.9777, 1.0, -1.0]
817,[0.7, 1.0, -1.0, -1.0, -1.0, 1.0]
818,[0.9984, 0.9558, 1.0, 1.0, 1.0, -0.9928]
819,[1.0, 1.0, 0.9999, -1.0, 1.0, 0.9999]
820,[1.0, 1.0, 1.0, -1.0, 1.0, -1.0]
821,[1.0, 1.0, 1.0, -1.0, 1.0, -1.0]
822,[-1.0, 1.0, -1.0, -0.9999, 1.0, -0.9605]
823,[-1.0, 1.0, -1.0, 0.9997, -1.0, 1.0]
824,[-1.0, -1.0, -1.0, 1.0, -1.0, 1.0]
825,[1.0, 1.0, -0.9292, 1.0, -1.0, 1.0]
826,[-1.0, -0.9995, 0.7532, 1.0, 1.0, -0.6895]
827,[-1.0, -1.0, 1.0, -1.0, -0.9982, -1.0]
828,[1.0, -1.0, 1.0, 1.0, -1.0, -1.0]
829,[1.0, -1.0, 1.0, 0.9964, 0.8279, -1.0]
830,[-1.0, -1.0, -1.0, -1.0, -1.0, -1.0]
831,[-0.9938, 1.0, -1.0, 1.0, -1.0, 1.0]
832,[-1.0, -1.0, -1.0, 1.0, -1.0, 1.0]
833,[1.0, 0.9998, -0.6632, 1.0, -1.0, 1.0]
834,[-1.0, -0.4771, 0.9185, 1.0, 1.0, 0.9693]
835,[-0.9978, 0.9943, 1.0, -1.0, -1.0, -1.0]
836,[-1.0, -1.0, 1.0, -1.0, -0.9997, -1.0]
837,[-1.0, -0.999, 1.0, -1.0, -0.9998, -1.0]
838,[1.0, -1.0, 1.0, 1.0, -1.0, -1.0]
839,[0.9988, -1.0, 1.0, 0.626, -1.0, -0.9999]
840,[1.0, -1.0, 1.0, 1.0, -0.6588, -1.0]
841,[1.0, -1.0, 1.0, 1.0, -0.127, -1.0]
842,[1.0, -1.0, 1.0, 0.8876, -1.0, -1.0]
843,[1.0, -0.9999, 1.0, 1.0, 0.9999, -1.0]
844,[-1.0, -1.0, 1.0, -1.0, -1.0, -1.0]
845,[1.0, -1.0, 1.0, 1.0, -0.9999, -1.0]
846,[1.0, 0.9966, 1.0, 1.0, 1.0, -1.0]
847,[1.0, 1.0, -1.0, 1.0, 1.0, -1.0]
848,[-1.0, 1.0, -1.0, -1.0, -1.0, 1.0]
849,[-1.0, 0.9982, -1.0, 1.0, -1.0, 1.0]
850,[-1.0, 1.0, -1.0, 1.0, -1.0, 1.0]
851,[-1.0, -0.1644, -1.0, 0.871, -1.0, 1.0]
852,[-1.0, 1.0, -1.0, 1.0, -1.0, 1.0]
853,[-1.0, 0.9993, -1.0, 1.0, -1.0, 1.0]
854,[-1.0, -0.8557, -1.0, 1.0, -1.0, 1.0]
855,[-0.8559, -1.0, -1.0, 0.9999, -1.0, 1.0]
856,[0.932, -0.9982, 1.0, 1.0, -1.0, 1.0]
857,[1.0, 0.7091, 1.0, -1.0, 1.0, -1.0]
858,[1.0, 0.9982, -1.0, -0.9009, 1.0, 1.0]
859,[-1.0, 0.8424, -1.0, -0.9977, -1.0, 1.0]
860,[-1.0, -1.0, -1.0, 1.0, -1.0, 1.0]
861,[1.0, -1.0, -0.9981, 0.9989, -1.0, 1.0]
862,[1.0, -1.0, 1.0, 1.0, -0.9991, -0.3886]
863,[1.0, 0.4077, 1.0, -0.8728, 1.0, -1.0]
864,[-0.3903, -1.0, 1.0, -1.0, 1.0, -1.0]
865,[-1.0, -1.0, -0.9968, -1.0, -1.0, -1.0]
866,[-0.9466, 1.0, -1.0, 1.0, -1.0, 1.0]
867,[-1.0, -1.0, -1.0, 1.0, -1.0, 1.0]
868,[1.0, -1.0, -0.9961, 0.4451, -1.0, 1.0]
869,[1.0, -1.0, 1.0, 1.0, -0.9996, -0.9946]
870,[0.9988, -1.0, 1.0, -1.0, 1.0, -1.0]
871,[0.9678, -1.0, 1.0, -1.0, 1.0, -1.0]
872,[-1.0, -1.0, 1.0, -1.0, 0.3542, -1.0]
873,[-0.9985, -1.0, -1.0, -1.0, -1.0, -1.0]
874,[-1.0, 1.0, -1.0, 1.0, -1.0, 1.0]
875,[-1.0, -0.6932, -1.0, 0.7966, -1.0, 1.0]
876,[0.9995, 1.0, -1.0, 1.0, -1.0, 1.0]
877,[-1.0, 0.9537, -0.9996, 1.0, -1.0, 1.0]
878,[-1.0, -1.0, -1.0, 1.0, -1.0, 1.0]
879,[1.0, 0.9998, -1.0, 1.0, -1.0, 1.0]
880,[-1.0, -0.9652, -0.8454, 1.0, -1.0, 1.0]
881,[1.0, -1.0, 0.9987, -1.0, -1.0, 1.0]
882,[1.0, -1.0, 1.0, -1.0, 1.0, -1.0]
883,[-0.9945, -1.0, -0.9828, -1.0, -0.9998, -1.0]
884,[0.9343, 1.0, -1.0, 1.0, -1.0, 1.0]
885,[0.1169, 0.9998, 1.0, 1.0, 1.0, 0.8855]
886,[-1.0, 1.0, 1.0, -1.0, 1.0, -1.0]
887,[1.0, -1.0, 0.841, -1.0, -1.0, -1.0]
888,[0.9958, -1.0, 1.0, 1.0, 1.0, -1.0]
889,[1.0, -1.0, 1.0, -1.0, 0.7987, -1.0]
890,[-0.8455, -1.0, -0.9998, -1.0, -1.0, -1.0]
891,[-0.9999, 1.0, -1.0, 1.0, -1.0, 1.0]
892,[-1.0, -1.0, -1.0, 1.0, -1.0, 1.0]
893,[1.0, -1.0, 0.9873, -0.9801, -1.0, 1.0]
894,[0.9757, -1.0, 1.0, -1.0, 1.0, -1.0]
895,[-0.9028, -1.0, -0.9998, -1.0, -0.9999, -1.0]
896,[-1.0, 1.0, -1.0, 1.0, -1.0, 1.0]
897,[-1.0, -1.0, -1.0, 1.0, -1.0, 1.0]
898,[-1.0, -0.106, 1.0, 1.0, -1.0, -1.0]
899,[-1.0, 1.0, 1.0, -0.9981, -1.0, -1.0]
900,[-1.0, 0.8504, 1.0, -1.0, -1.0, -0.8273]
901,[-1.0, -0.0048, 1.0, -1.0, -1.0, -0.5505]
902,[-1.0, 1.0, 1.0, -1.0, -1.0, -1.0]
903,[-1.0, 0.1569, 0.9997, -0.4718, -1.0, 1.0]
904,[-1.0, 0.9302, 1.0, -1.0, -1.0, -1.0]
905,[-1.0, -1.0, 1.0, -0.9957, -1.0, 0.9998]
906,[0.9998, 1.0, 1.0, 0.6815, -0.9989, -1.0]
907,[1.0, 1.0, 1.0, 1.0, -1.0, -1.0]
908,[1.0, 1.0, 1.0, -0.9991, -1.0, -1.0]
909,[0.9878, 1.0, 1.0, -1.0, -0.8232, -1.0]
910,[0.9999, 1.0, 1.0, -1.0, -1.0, -1.0]
911,[-0.431, 1.0, 1.0, 0.8891, -0.9089, -1.0]
912,[-1.0, -1.0, 1.0, -1.0, -1.0, 0.996]
913,[-1.0, -0.1076, 1.0, -1.0, -0.9993, -1.0]
914,[-1.0, -1.0, 1.0, -0.9792, -1.0, 1.0]
915,[-1.0, -0.9208, 1.0, -1.0, -0.9984, -1.0]
916,[1.0, 1.0, 1.0, 1.0, -1.0, -1.0]
917,[1.0, 1.0, -1.0, 1.0, -1.0, 1.0]
918,[1.0, 1.0, 1.0, -1.0, 0.9613, 1.0]
919,[1.0, 1.0, 1.0, -1.0, 0.9999, 1.0]
920,[1.0, 1.0, 1.0, -1.0, 1.0, 1.0]
921,[0.9999, -1.0, 1.0, -1.0, 1.0, -1.0]
922,[1.0, 1.0, 1.0, 0.9988, 1.0, -1.0]
923,[1.0, -1.0, 1.0, -1.0, 1.0, -1.0]
924,[1.0, 0.9978, 1.0, -0.5929, -1.0, -1.0]
925,[-0.9995, 1.0, -1.0, -1.0, -1.0, 1.0]
926,[-1.0, -1.0, 1.0, 0.5023, -1.0, 1.0]
927,[1.0, 1.0, 1.0, -1.0, 1.0, -1.0]
928,[-0.932, 1.0, 0.2835, 0.8674, -1.0, 0.9877]
929,[-1.0, 1.0, 1.0, -1.0, 0.6918, -1.0]
930,[1.0, 1.0, 1.0, -1.0, 0.949, 1.0]
931,[1.0, 1.0, 1.0, -1.0, 1.0, 1.0]
932,[1.0, 1.0, 1.0, -1.0, 1.0, 1.0]
933,[1.0, 1.0, 1.0, -1.0, 1.0, 1.0]
934,[1.0, 1.0, 1.0, -1.0, 1.0, 1.0]
935,[1.0, 1.0, 1.0, -1.0, 1.0, 1.0]
936,[1.0, 1.0, 1.0, -1.0, 1.0, 1.0]
937,[1.0, 1.0, 1.0, -1.0, 1.0, 1.0]
938,[1.0, 1.0, 1.0, -1.0, 1.0, 1.0]
939,[-0.9981, -1.0, 1.0, -0.9998, 0.9932, -1.0]
940,[-1.0, -1.0, 1.0, -1.0, -1.0, -1.0]
941,[-1.0, -1.0, 1.0, -0.8731, -1.0, -1.0]
942,[-1.0, -1.0, 1.0, -0.5937, -1.0, -1.0]
943,[1.0, 1.0, 1.0, -1.0, 1.0, -1.0]
944,[-1.0, 1.0, -0.9979, -0.9978, -0.9997, 1.0]
945,[-1.0, -1.0, 1.0, -0.8779, -1.0, -0.9892]
946,[-1.0, -1.0, 1.0, 0.2764, -1.0, -1.0]
947,[-1.0, -1.0, 1.0, 0.8624, -1.0, -1.0]
948,[1.0, 1.0, 1.0, -1.0, 1.0, -1.0]
949,[-0.998, 1.0, -1.0, -0.9494, -1.0, 1.0]
950,[-1.0, -1.0, 1.0, 1.0, -1.0, 0.8986]
951,[-0.9999, 0.8344, 1.0, -1.0, 1.0, 0.5941]
952,[-1.0, 0.9997, 1.0, -1.0, 1.0, -0.8879]
953,[-1.0, -0.9389, 1.0, -1.0, -1.0, 1.0]
954,[-1.0, 1.0, 1.0, -1.0, -1.0, -1.0]
955,[-1.0, 1.0, -1.0, 0.7963, -1.0, 1.0]
956,[-1.0, -1.0, 1.0, -1.0, -1.0, 1.0]
957,[-1.0, 1.0, 1.0, -1.0, -1.0, -1.0]
958,[1.0, 1.0, 1.0, -0.9999, -1.0, -1.0]
959,[1.0, 1.0, 0.9999, -1.0, -1.0, -1.0]
960,[1.0, 1.0, 0.9998, -1.0, -1.0, -1.0]
961,[1.0, 1.0, -0.146, 0.9997, -1.0, 1.0]
962,[-0.9835, 1.0, 1.0, 1.0, -1.0, 0.9974]
963,[-1.0, 1.0, 1.0, -1.0, -1.0, -1.0]
964,[-1.0, -1.0, 1.0, 0.9131, -1.0, 1.0]
965,[-0.8196, -1.0, 1.0, -1.0, 1.0, 1.0]
966,[-1.0, -1.0, 1.0, -0.9999, 1.0, -1.0]
967,[-1.0, -1.0, 1.0, -1.0, -1.0, -1.0]
968,[-1.0, -1.0, 0.9998, 0.9959, -1.0, -1.0]
969,[1.0, 1.0, -1.0, -1.0, 0.9552, 0.7606]
970,[-1.0, 0.9807, -0.9999, -1.0, -1.0, 1.0]
971,[-1.0, -1.0, 1.0, 0.9992, -1.0, 0.8154]
972,[-1.0, -1.0, 1.0, -1.0, 1.0, -0.9997]
973,[-1.0, -1.0, -1.0, -1.0, -1.0, -1.0]
974,[-1.0, 1.0, -1.0, 1.0, -1.0, 1.0]
975,[-1.0, -1.0, 1.0, -1.0, -1.0, 1.0]
976,[-1.0, -1.0, 1.0, 0.9995, 1.0, -1.0]
977,[1.0, -1.0, -1.0, -1.0, 0.9792, -1.0]
978,[0.7699, -1.0, -1.0, 1.0, -1.0, -0.9763]
979,[-0.8387, 0.999, -1.0, 0.9997, -1.0, 1.0]
980,[-1.0, -1.0, 1.0, -1.0, -1.0, 1.0]
981,[-1.0, -1.0, 1.0, -1.0, -1.0, -1.0]
982,[-1.0, 1.0, -1.0, 1.0, -1.0, 1.0]
983,[-1.0, -0.8334, -1.0, -1.0, -1.0, 1.0]
984,[-1.0, 0.9331, -0.1986, -0.9998, -1.0, 1.0]
985,[-1.0, -1.0, 1.0, 1.0, -1.0, 1.0]
986,[1.0, -0.9997, 1.0, -1.0, 1.0, 0.6223]
987,[1.0, -1.0, 1.0, -1.0, -0.9721, 0.8767]
988,[0.9895, 1.0, -1.0, 1.0, 1.0, -1.0]
989,[-0.9996, 1.0, -1.0, -1.0, -1.0, 1.0]
990,[-1.0, -1.0, 1.0, 1.0, -1.0, 1.0]
991,[1.0, -0.1612, 1.0, -1.0, 1.0, -0.9986]
992,[0.9996, 1.0, -1.0, 1.0, -1.0, 1.0]
993,[0.9954, 1.0, -1.0, -0.0819, 0.9994, 1.0]
994,[0.1868, 1.0, -1.0, -1.0, -1.0, 1.0]
995,[-1.0, -1.0, 0.9832, -1.0, -1.0, 1.0]
996,[-1.0, -1.0, 1.0, -1.0, -1.0, -1.0]
997,[-0.9998, -1.0, 0.9999, 0.9997, -1.0, -1.0]
998,[-1.0, 1.0, -1.0, 1.0, -1.0, 1.0]
999,[-1.0, -1.0, 1.0, -1.0, -1.0, 1.0]
1000,[-1.0, -1.0, 1.0, -1.0, -1.0, -0.9999]
1001,[-0.9541, -1.0, 0.9999, 0.9851, -1.0, -1.0]
1002,[1.0, 1.0, 1.0, -1.0, 1.0, -0.9997]
1003,[1.0, 1.0, -1.0, 1.0, -1.0, 1.0]
1004,[0.9903, 1.0, -1.0, -0.9317, 0.9977, 1.0]
1005,[-0.5868, -1.0, -1.0, -1.0, -1.0, 1.0]
1006,[-1.0, -1.0, -0.9999, -0.9159, -1.0, 1.0]
1007,[-1.0, -1.0, -0.9999, -0.7727, -1.0, 1.0]
1008,[-1.0, -1.0, 1.0, 1.0, -1.0, 1.0]
1009,[1.0, -1.0, 1.0, -1.0, 1.0, 0.8624]
1010,[1.0, -1.0, 1.0, -0.9997, 1.0, -1.0]
1011,[1.0, 1.0, -0.9976, -0.9998, 0.9997, -1.0]
1012,[-1.0, 1.0, -1.0, -0.9995, -1.0, 1.0]
1013,[-1.0, -1.0, 1.0, 1.0, -1.0, 1.0]
1014,[-0.9228, -0.9997, 1.0, -0.9997, -1.0, 1.0]
1015,[-1.0, -1.0, 0.9986, 1.0, -1.0, -1.0]
1016,[1.0, 0.9466, -1.0, -0.9977, -1.0, 0.8756]
1017,[-1.0, -0.9998, 0.9907, -1.0, -1.0, 1.0]
1018,[-1.0, -1.0, 1.0, -1.0, -1.0, -1.0]
1019,[-1.0, -1.0, -0.9999, 0.9966, -1.0, 0.9999]
1020,[1.0, 0.9971, 0.9967, 0.9662, -0.9222, 1.0]
1021,[0.3634, 1.0, 1.0, -1.0, 0.9998, 1.0]
1022,[1.0, 1.0, 0.9993, -1.0, 1.0, -0.9893]
1023,[0.9987, 1.0, -1.0, 1.0, -1.0, 1.0]
1024,[0.5734, 1.0, -1.0, -0.3391, 0.9041, 1.0]
1025,[-1.0, -1.0, -1.0, -1.0, -1.0, 1.0]
1026,[-1.0, -1.0, -0.4079, -1.0, -1.0, 1.0]
1027,[-1.0, -1.0, -0.0176, -1.0, -1.0, 1.0]
1028,[-0.9816, -1.0, 1.0, -0.4789, 1.0, -1.0]
1029,[1.0, -1.0, -1.0, -1.0, -1.0, -1.0]
1030,[-0.9955, -1.0, -1.0, 1.0, -1.0, -1.0]
1031,[0.5903, 0.9989, -1.0, 1.0, -1.0, 1.0]
1032,[-1.0, -1.0, 1.0, -1.0, -1.0, 1.0]
1033,[-1.0, 1.0, -1.0, -1.0, -0.9818, 1.0]
1034,[-1.0, -1.0, 1.0, 1.0, -1.0, 1.0]
1035,[1.0, -1.0, 1.0, -1.0, 1.0, -0.9962]
1036,[1.0, 1.0, -0.4646, -0.3647, 0.9933, -1.0]
1037,[-1.0, 1.0, -1.0, 0.9971, -1.0, 1.0]
1038,[-1.0, -1.0, -1.0, 1.0, -1.0, 1.0]
1039,[0.8476, 0.9968, -1.0, 1.0, -1.0, 1.0]
1040,[0.954, 1.0, -1.0, -0.9929, -0.8614, 1.0]
1041,[-0.9668, -0.9999, 0.9999, -1.0, -1.0, 1.0]
1042,[-0.8768, -1.0, 1.0, -0.9755, 1.0, -1.0]
1043,[1.0, 1.0, 0.9826, -1.0, 0.9998, -1.0]
1044,[0.6837, 1.0, -1.0, 1.0, -1.0, 1.0]
1045,[0.9719, -0.833, 0.9997, -0.9935, 0.9947, 1.0]
1046,[0.9939, -1.0, 1.0, 0.9274, 0.9961, -1.0]
1047,[1.0, -1.0, -0.9762, -1.0, 1.0, -1.0]
1048,[-1.0, 1.0, -1.0, -0.6361, -1.0, 1.0]
1049,[-1.0, -1.0, 1.0, 0.9159, -1.0, -0.9953]
1050,[-1.0, 1.0, -1.0, 1.0, -1.0, 1.0]
1051,[-1.0, -1.0, 0.8575, -1.0, -1.0, 1.0]
1052,[-1.0, -1.0, 0.8462, -1.0, -1.0, 1.0]
1053,[-1.0, -1.0, 1.0, -1.0, -1.0, -1.0]
1054,[-1.0, -1.0, 0.9415, 1.0, -1.0, -1.0]
1055,[1.0, -1.0, -1.0, 0.9513, -1.0, -1.0]
1056,[1.0, 1.0, -1.0, -0.9978, -1.0, 1.0]
1057,[1.0, 1.0, 1.0, -1.0, -1.0, -0.9946]
1058,[1.0, 1.0, 1.0, -1.0, -1.0, -0.9999]
1059,[1.0, 1.0, 1.0, -0.9989, -1.0, -1.0]
1060,[1.0, 1.0, 1.0, -1.0, -1.0, -1.0]
1061,[-1.0, -0.7809, -1.0, 1.0, -1.0, 1.0]
1062,[1.0, -0.9961, 1.0, -0.9986, -0.9999, 1.0]
1063,[0.0916, -1.0, 1.0, 0.9999, 1.0, -1.0]
1064,[1.0, -1.0, 0.6557, 0.7981, 1.0, -1.0]
1065,[1.0, -1.0, -1.0, 0.9992, 1.0, -1.0]
1066,[-0.9994, 1.0, -1.0, -1.0, -1.0, 1.0]
1067,[-1.0, -1.0, 1.0, 1.0, -1.0, 0.9976]
1068,[1.0, -1.0, 1.0, -1.0, 1.0, -0.9906]
1069,[1.0, 1.0, -1.0, 1.0, 0.997, -0.977]
1070,[-0.9999, 1.0, -1.0, -1.0, -1.0, 1.0]
1071,[-1.0, -1.0, 1.0, 1.0, -1.0, 0.9971]
1072,[1.0, -1.0, 1.0, -1.0, 1.0, -0.9903]
1073,[1.0, 1.0, -1.0, 0.8984, -0.3332, -0.9835]
1074,[-1.0, 1.0, -1.0, 1.0, -1.0, 1.0]
1075,[-1.0, -1.0, -1.0, 1.0, -1.0, 1.0]
1076,[1.0, -0.0588, 0.9752, 0.8854, -0.9998, 1.0]
1077,[1.0, -1.0, 1.0, 1.0, 1.0, -1.0]
1078,[1.0, 1.0, -1.0, 1.0, -1.0, 0.8971]
1079,[0.9995, 0.9692, -0.9991, -0.4904, 0.9998, 1.0]
1080,[-0.5552, 0.2122, 0.7203, -1.0, -1.0, 0.0702]
1081,[-1.0, -1.0, -1.0, -0.9887, -1.0, 1.0]
1082,[-1.0, -1.0, -0.9202, -1.0, -1.0, 1.0]
1083,[-1.0, -1.0, -1.0, -1.0, -1.0, 1.0]
1084,[-1.0, -1.0, -0.9136, -1.0, -1.0, 1.0]
1085,[-0.0209, 0.6496, 0.9058, 1.0, -0.9899, 1.0]
1086,[-1.0, -1.0, -1.0, 1.0, -1.0, 1.0]
1087,[1.0, -0.8999, 0.9982, 0.9641, -1.0, 1.0]
1088,[1.0, 1.0, 1.0, 1.0, 1.0, -1.0]
1089,[1.0, 1.0, -1.0, 1.0, -1.0, -0.9793]
1090,[-1.0, -1.0, -1.0, 1.0, -1.0, 1.0]
1091,[1.0, -0.9999, 0.9986, 0.9999, -1.0, 1.0]
1092,[1.0, 1.0, 1.0, 1.0, 1.0, -1.0]
1093,[1.0, 1.0, -1.0, 1.0, -1.0, -0.9986]
1094,[-1.0, 0.7424, -1.0, 1.0, -1.0, 1.0]
1095,[-1.0, -0.9971, -1.0, -1.0, -1.0, 1.0]
1096,[-1.0, 0.9997, 0.9995, -1.0, 0.5826, 1.0]
1097,[-1.0, -0.9998, 1.0, -1.0, -1.0, 0.9951]
1098,[-1.0, -1.0, 1.0, -1.0, -1.0, -1.0]
1099,[0.9775, -0.968, -0.9976, -1.0, -1.0, -1.0]
1100,[0.9817, -1.0, -0.9902, 1.0, -1.0, -0.9397]
1101,[-0.8035, 1.0, -1.0, 1.0, -1.0, 1.0]
1102,[-1.0, -1.0, -0.9999, -1.0, -1.0, 1.0]
1103,[-1.0, -1.0, 0.8302, -1.0, -1.0, 1.0]
1104,[-1.0, -1.0, 1.0, -1.0, -1.0, -1.0]
1105,[-1.0, -1.0, 0.9664, 0.9115, -1.0, -1.0]
1106,[1.0, -0.9511, -1.0, 0.9999, -0.9997, -0.9979]
1107,[1.0, 1.0, -1.0, -0.9995, -1.0, 1.0]
1108,[0.4841, 1.0, 1.0, -1.0, -1.0, 0.3247]
1109,[-1.0, -1.0, -1.0, 1.0, -1.0, 1.0]
1110,[1.0, 0.939, 0.9998, 0.7488, -0.9979, 1.0]
1111,[-1.0, 1.0, 1.0, -1.0, 0.9997, 1.0]
1112,[-1.0, -0.9999, 0.9465, -1.0, -1.0, 0.9788]
1113,[-1.0, -1.0, 1.0, -1.0, -1.0, -1.0]
1114,[-1.0, -1.0, 0.9958, 1.0, -1.0, 0.8301]
1115,[1.0, -1.0, 1.0, -1.0, 1.0, -1.0]
1116,[0.9999, 1.0, -1.0, 1.0, 1.0, -1.0]
1117,[0.9776, 1.0, -1.0, -1.0, -1.0, 1.0]
1118,[1.0, -1.0, 0.9998, 1.0, 0.5994, 0.9997]
1119,[1.0, -1.0, 1.0, -1.0, 1.0, -1.0]
1120,[0.9999, 1.0, -1.0, 0.9998, 1.0, -1.0]
1121,[-1.0, 1.0, -1.0, -1.0, -1.0, 1.0]
1122,[-1.0, -1.0, -0.9997, 1.0, -1.0, 1.0]
1123,[1.0, 1.0, 0.9999, 1.0, -1.0, 1.0]
1124,[-1.0, 1.0, 1.0, -1.0, -0.7181, 0.9251]
1125,[-1.0, 1.0, 1.0, -1.0, -1.0, 1.0]
1126,[-1.0, 1.0, 1.0, -1.0, -1.0, -1.0]
1127,[-1.0, -1.0, -1.0, 1.0, -1.0, 1.0]
1128,[-1.0, -1.0, -0.9889, -0.9999, -1.0, 1.0]
1129,[-1.0, -1.0, -0.9816, -0.9997, -1.0, 1.0]
1130,[-1.0, 1.0, -1.0, 0.9999, -1.0, 1.0]
1131,[-1.0, 0.6661, -1.0, -1.0, -1.0, 1.0]
1132,[-1.0, -1.0, 1.0, 0.9996, -1.0, 1.0]
1133,[1.0, -1.0, 1.0, -1.0, 1.0, -1.0]
1134,[1.0, -1.0, -1.0, 0.9767, -1.0, -1.0]
1135,[0.9934, 1.0, -1.0, -1.0, -1.0, 1.0]
1136,[-0.9993, -0.9996, -0.999, 0.6279, -1.0, 1.0]
1137,[1.0, 1.0, 1.0, 0.9995, -0.9998, 1.0]
1138,[1.0, 1.0, 1.0, -1.0, 0.9984, 1.0]
1139,[1.0, 1.0, -1.0, -1.0, 1.0, -0.9998]
1140,[-1.0, 1.0, -1.0, 0.9822, -1.0, 1.0]
1141,[-0.9739, -1.0, -1.0, 1.0, -1.0, 1.0]
1142,[1.0, -1.0, 1.0, -1.0, -1.0, 1.0]
1143,[0.9978, -1.0, 1.0, 0.9807, 1.0, -1.0]
1144,[1.0, -1.0, -0.9154, -1.0, 1.0, -1.0]
1145,[0.9912, 1.0, -1.0, 1.0, -1.0, 1.0]
1146,[-0.994, -1.0, -0.9998, 0.999, -1.0, 1.0]
1147,[1.0, 0.9996, 1.0, 0.9994, -1.0, 1.0]
1148,[0.9993, 1.0, 1.0, -1.0, 0.9997, 1.0]
1149,[1.0, -0.9996, 1.0, -1.0, 0.9975, -1.0]
1150,[0.677, 1.0, -1.0, 0.9087, 1.0, -1.0]
1151,[1.0, 1.0, -1.0, -1.0, -1.0, 1.0]
1152,[-0.9988, -1.0, -0.9999, 0.8318, -1.0, 1.0]
1153,[1.0, -1.0, 1.0, -0.9236, -1.0, 1.0]
1154,[1.0, 0.9289, -1.0, 1.0, 1.0, -1.0]
1155,[1.0, 1.0, -1.0, -0.9998, -1.0, 1.0]
1156,[-0.983, -1.0, 0.5185, -0.9988, -1.0, 1.0]
1157,[-1.0, -1.0, 1.0, -1.0, -1.0, -1.0]
1158,[-1.0, -1.0, -1.0, 0.9988, -1.0, -1.0]
1159,[-0.7541, 1.0, -1.0, 1.0, -1.0, 1.0]
1160,[-1.0, -1.0, 0.9982, -1.0, -1.0, 1.0]
1161,[-1.0, -1.0, 1.0, -1.0, -1.0, -1.0]
1162,[-1.0, -0.9999, -1.0, 0.9999, -1.0, -1.0]
1163,[-1.0, 1.0, -1.0, 1.0, -1.0, 1.0]
1164,[-1.0, -1.0, -1.0, -1.0, -1.0, 1.0]
1165,[-1.0, -1.0, 0.9191, -0.973, -1.0, 1.0]
1166,[-1.0, -1.0, 1.0, -1.0, -1.0, -1.0]
1167,[-1.0, 0.9904, -1.0, -0.936, -1.0, -1.0]
1168,[-1.0, -1.0, -1.0, 1.0, -1.0, 1.0]
1169,[1.0, -1.0, 1.0, -0.9967, -1.0, 1.0]
1170,[1.0, -0.9995, 1.0, 1.0, 1.0, -1.0]
1171,[1.0, -0.9996, -1.0, -0.7159, 1.0, -0.9999]
1172,[0.9873, 1.0, -1.0, 1.0, -1.0, 1.0]
1173,[-1.0, -1.0, -0.9999, 0.9999, -1.0, 1.0]
1174,[1.0, 0.9788, 1.0, 1.0, -1.0, 1.0]
1175,[1.0, 1.0, 1.0, -1.0, 1.0, 1.0]
1176,[1.0, 1.0, -0.9997, -1.0, 0.9934, -1.0]
1177,[-1.0, 1.0, -1.0, 0.9911, -1.0, 1.0]
1178,[-1.0, -0.9133, -1.0, -1.0, -1.0, 1.0]
1179,[-1.0, 0.9999, -1.0, 1.0, -1.0, 1.0]
1180,[0.9993, 0.9973, 1.0, -1.0, -1.0, -1.0]
1181,[1.0, 1.0, 1.0, -1.0, -1.0, -1.0]
1182,[1.0, 1.0, 1.0, -0.9992, -1.0, -1.0]
1183,[1.0, 1.0, 1.0, -0.9995, -1.0, -1.0]
1184,[1.0, 1.0, 1.0, -0.9998, -1.0, -1.0]
1185,[1.0, 1.0, 1.0, -0.9982, -1.0, -1.0]
1186,[1.0, 0.9999, 1.0, -0.9962, -1.0, -1.0]
1187,[1.0, 0.9995, 1.0, -0.9498, -1.0, -1.0]
1188,[1.0, 0.9175, 1.0, 0.8337, -1.0, -1.0]
1189,[1.0, -0.4421, -1.0, -0.9993, -1.0, 0.9943]
1190,[-0.9705, 0.993, 1.0, -1.0, 0.9994, -0.9998]
1191,[-1.0, -1.0, -1.0, 0.0515, -1.0, 1.0]
1192,[1.0, -1.0, -0.8761, -1.0, -1.0, 1.0]
1193,[1.0, -1.0, 1.0, -0.9999, -1.0, 1.0]
1194,[0.9993, -1.0, 1.0, -0.9969, 1.0, -1.0]
1195,[0.9851, -1.0, -1.0, -1.0, -1.0, -1.0]
1196,[0.9997, -1.0, -1.0, 1.0, -1.0, 1.0]
1197,[0.9999, -0.9997, 1.0, 0.9998, -1.0, 1.0]
1198,[1.0, -0.9996, 1.0, 1.0, 1.0, -1.0]
1199,[1.0, -1.0, 1.0, -1.0, 1.0, -0.9992]
1200,[-1.0, -1.0, -1.0, -1.0, 1.0, -1.0]
1201,[-0.9601, 1.0, -1.0, 1.0, -1.0, 1.0]
1202,[-1.0, -1.0, -1.0, -0.7608, -1.0, 1.0]
1203,[-1.0, -1.0, 0.9883, 0.953, -1.0, 1.0]
1204,[-1.0, -1.0, 0.9999, 0.9773, -1.0, 1.0]
1205,[1.0, -1.0, 1.0, -1.0, 1.0, -1.0]
1206,[-1.0, -0.9995, -1.0, -1.0, 1.0, -1.0]
1207,[-0.9943, 0.9173, -1.0, 0.8678, -1.0, 1.0]
1208,[-1.0, -1.0, -1.0, -0.978, -1.0, 1.0]
1209,[-1.0, -1.0, 0.9997, 0.0603, -1.0, 1.0]
1210,[1.0, -1.0, 1.0, -1.0, 1.0, -1.0]
1211,[1.0, 0.9973, -1.0, 1.0, 1.0, -1.0]
1212,[1.0, 1.0, -1.0, -0.8584, -1.0, 1.0]
1213,[-1.0, -0.9999, 0.7903, -0.7957, -1.0, 1.0]
1214,[-1.0, -1.0, 1.0, -1.0, 0.7452, -1.0]
1215,[-0.154, -1.0, -1.0, -1.0, -1.0, -1.0]
1216,[-1.0, 1.0, -1.0, 0.9999, -1.0, 1.0]
1217,[-1.0, -0.9995, -1.0, 1.0, -1.0, 1.0]
1218,[1.0, -1.0, 1.0, 1.0, -1.0, 1.0]
1219,[1.0, -1.0, 1.0, 1.0, 1.0, -1.0]
1220,[0.9467, -1.0, -1.0, -1.0, -1.0, -1.0]
1221,[-1.0, -0.2089, -1.0, 1.0, -1.0, 0.6967]
1222,[-1.0, -1.0, -1.0, 0.9998, -1.0, 1.0]
1223,[1.0, -0.9982, -0.8386, 0.9709, -1.0, 1.0]
1224,[1.0, -1.0, 1.0, 1.0, -1.0, 1.0]
1225,[1.0, -1.0, 1.0, 1.0, 1.0, -1.0]
1226,[-0.9541, -1.0, -1.0, 0.8135, 1.0, -1.0]
1227,[-0.3543, 1.0, -1.0, 1.0, -1.0, 1.0]
1228,[0.9963, -1.0, 0.9998, 0.9736, -0.9993, 1.0]
1229,[1.0, -1.0, 1.0, 1.0, -1.0, 1.0]
1230,[1.0, -1.0, 1.0, 1.0, 1.0, -1.0]
1231,[1.0, -1.0, 1.0, -1.0, 1.0, -1.0]
1232,[-0.997, -1.0, -1.0, 1.0, 1.0, -1.0]
1233,[0.9917, 0.9999, -1.0, -0.9994, -1.0, 1.0]
1234,[-1.0, 0.9996, -1.0, 1.0, -1.0, 0.8939]
1235,[-1.0, -1.0, -1.0, 1.0, -1.0, 1.0]
1236,[1.0, -0.9968, 1.0, 1.0, -1.0, 1.0]
1237,[1.0, -1.0, 1.0, 1.0, 1.0, -1.0]
1238,[1.0, -1.0, -1.0, -1.0, -0.9998, -1.0]
1239,[-1.0, -0.8129, -1.0, 1.0, -1.0, 0.0782]
1240,[1.0, -0.709, 1.0, 1.0, -1.0, 1.0]
1241,[-0.8788, 1.0, 1.0, -1.0, 1.0, -1.0]
1242,[-1.0, 1.0, -1.0, 1.0, -1.0, 1.0]
1243,[-1.0, -1.0, -1.0, 1.0, -1.0, 1.0]
1244,[-1.0, -1.0, -1.0, 1.0, -1.0, 1.0]
1245,[1.0, -0.9999, 1.0, 1.0, -1.0, 1.0]
1246,[1.0, -1.0, 1.0, 1.0, 1.0, -1.0]
1247,[0.739, -1.0, -1.0, -0.9997, 1.0, -1.0]
1248,[1.0, 1.0, -1.0, 1.0, -1.0, 1.0]
1249,[0.6777, -1.0, 0.9062, -0.7196, -1.0, 1.0]
1250,[0.9532, -1.0, 1.0, 1.0, -0.9998, -1.0]
1251,[1.0, -1.0, -1.0, 1.0, 1.0, -1.0]
1252,[-0.9999, 0.9908, -1.0, 0.9999, -1.0, 1.0]
1253,[-1.0, -1.0, -1.0, 1.0, -1.0, 1.0]
1254,[-0.9992, 1.0, -1.0, -0.6924, -1.0, 1.0]
1255,[-1.0, -1.0, -1.0, 0.9991, -1.0, -0.6613]
1256,[-1.0, 1.0, -1.0, 1.0, -1.0, 1.0]
1257,[-1.0, -1.0, -1.0, 0.9999, -1.0, 1.0]
1258,[0.9995, -0.9999, -1.0, 0.997, -1.0, 1.0]
1259,[-0.9979, -1.0, 0.9787, 1.0, -1.0, 1.0]
1260,[1.0, -1.0, 1.0, -1.0, 1.0, -1.0]
1261,[1.0, -0.56, -1.0, -0.532, -0.5876, -1.0]
1262,[-1.0, -1.0, -1.0, 1.0, -1.0, 1.0]
1263,[1.0, -1.0, 1.0, 1.0, -1.0, 1.0]
1264,[1.0, -1.0, 1.0, 1.0, 1.0, -1.0]
1265,[1.0, -1.0, -1.0, -1.0, 1.0, -1.0]
1266,[-1.0, -1.0, -1.0, 1.0, -1.0, -0.9055]
1267,[-0.9743, 0.9999, -1.0, 1.0, -1.0, 1.0]
1268,[-1.0, -1.0, -1.0, 1.0, -1.0, 1.0]
1269,[1.0, -0.3227, 1.0, 1.0, -1.0, 1.0]
1270,[1.0, -1.0, 1.0, 0.9999, 1.0, -1.0]
1271,[1.0, -1.0, -1.0, 1.0, 0.9989, -1.0]
1272,[0.9744, 0.7917, -1.0, 1.0, -1.0, 1.0]
1273,[-0.9942, -1.0, -0.1222, 0.9969, -1.0, 1.0]
1274,[1.0, -1.0, 1.0, -1.0, 1.0, -1.0]
1275,[0.9967, 0.9971, -1.0, 0.9993, 1.0, -1.0]
1276,[1.0, 1.0, -1.0, -1.0, -1.0, 1.0]
1277,[0.1163, 0.9649, 0.6804, -1.0, -1.0, 1.0]
1278,[-0.9949, 1.0, 1.0, -1.0, -1.0, -1.0]
1279,[-1.0, -1.0, -1.0, 1.0, -1.0, 0.9038]
1280,[1.0, 0.2655, 1.0, 1.0, -1.0, 1.0]
1281,[0.9997, 1.0, 1.0, -1.0, 1.0, -1.0]
1282,[-0.3227, 1.0, -1.0, 1.0, -1.0, -1.0]
1283,[-1.0, -0.9999, -1.0, 1.0, -1.0, 1.0]
1284,[1.0, -0.9589, 1.0, 1.0, -1.0, 1.0]
1285,[1.0, -1.0, 1.0, 0.9563, 1.0, -1.0]
1286,[0.9999, -1.0, -1.0, -0.9988, 1.0, -1.0]
1287,[0.9966, 1.0, -1.0, 1.0, -1.0, 1.0]
1288,[-1.0, -1.0, -0.5992, 0.7711, -1.0, 0.9999]
1289,[1.0, 0.6759, 1.0, 1.0, -1.0, 1.0]
1290,[0.9478, 1.0, 1.0, -1.0, 1.0, -1.0]
1291,[-0.9753, 1.0, -1.0, 1.0, -1.0, -0.9997]
1292,[-1.0, -0.9179, -1.0, 1.0, -1.0, 1.0]
1293,[1.0, -0.7162, 1.0, 1.0, -1.0, 1.0]
1294,[1.0, -1.0, 1.0, 0.9743, 1.0, -1.0]
1295,[0.979, -1.0, -1.0, -0.9999, 1.0, -1.0]
1296,[0.9754, 1.0, -1.0, 1.0, -1.0, 1.0]
1297,[-1.0, -1.0, -0.5548, 0.8356, -1.0, 0.9999]
1298,[0.9999, -1.0, 1.0, -1.0, 1.0, -1.0]
1299,[-0.9592, -0.8226, -1.0, -0.0729, 1.0, -1.0]
1300,[-1.0, 1.0, -1.0, -0.9237, -1.0, 1.0]
1301,[-1.0, 1.0, -1.0, -0.9948, -1.0, 1.0]
1302,[-1.0, -1.0, -1.0, 1.0, -1.0, 1.0]
1303,[1.0, 0.7656, 1.0, 1.0, -1.0, 1.0]
1304,[0.7241, 1.0, 1.0, -1.0, 1.0, -1.0]
1305,[-0.9448, 1.0, -1.0, 1.0, -1.0, -0.9997]
1306,[-1.0, 0.5427, -1.0, 1.0, -1.0, 1.0]
1307,[-1.0, -0.9994, -1.0, 1.0, -1.0, 1.0]
1308,[1.0, -0.935, 1.0, 1.0, -1.0, 1.0]
1309,[1.0, 1.0, 1.0, -1.0, 1.0, -1.0]
1310,[-0.9913, 1.0, -1.0, 0.3918, -1.0, 1.0]
1311,[-1.0, -1.0, -1.0, 0.9219, -1.0, 1.0]
1312,[1.0, -1.0, 1.0, 0.9998, -1.0, 1.0]
1313,[1.0, -1.0, -0.8435, -1.0, -1.0, -1.0]
1314,[0.6188, -0.9834, -1.0, 1.0, -1.0, 1.0]
1315,[1.0, -1.0, 1.0, 1.0, 0.9999, -1.0]
1316,[1.0, -1.0, -1.0, -1.0, 1.0, -1.0]
1317,[-0.9999, -1.0, -1.0, -1.0, -1.0, 1.0]
1318,[-1.0, -1.0, 1.0, 1.0, -0.9737, 0.8882]
1319,[1.0, -1.0, 1.0, -1.0, 1.0, -1.0]
1320,[1.0, -1.0, -0.9999, -0.9994, 1.0, -1.0]
1321,[-0.9658, -1.0, 1.0, -1.0, 1.0, -1.0]
1322,[-1.0, -1.0, -1.0, -1.0, -1.0, -1.0]
1323,[-1.0, 1.0, -1.0, 1.0, -1.0, 1.0]
1324,[-1.0, 0.9993, -1.0, 1.0, -1.0, 1.0]
1325,[-1.0, 1.0, -1.0, -1.0, -1.0, 1.0]
1326,[-1.0, -1.0, -1.0, -1.0, -1.0, 1.0]
1327,[-1.0, -1.0, 1.0, 1.0, 0.2295, -0.9718]
1328,[0.9993, -1.0, -1.0, -1.0, -1.0, -1.0]
1329,[-1.0, 0.9977, -1.0, 1.0, -1.0, 1.0]
1330,[-1.0, 1.0, -1.0, -1.0, -1.0, 1.0]
1331,[-1.0, -1.0, -1.0, 1.0, 0.5072, 1.0]
1332,[1.0, -1.0, -1.0, -1.0, -1.0, -0.9637]
1333,[-1.0, 1.0, -1.0, 1.0, -1.0, 1.0]
1334,[-1.0, -1.0, 1.0, -1.0, -1.0, 0.9983]
1335,[-0.9897, -1.0, 1.0, -1.0, 1.0, -1.0]
1336,[0.9996, -1.0, -1.0, -1.0, -1.0, -0.9996]
1337,[-1.0, 0.9921, -1.0, 1.0, -1.0, 1.0]
1338,[-1.0, -0.9964, -1.0, 0.9997, -1.0, 1.0]
1339,[1.0, -1.0, 1.0, 1.0, -1.0, 0.8807]
1340,[1.0, -0.9558, 1.0, -1.0, -1.0, 0.9796]
1341,[1.0, 0.0017, 1.0, 1.0, 1.0, -1.0]
1342,[1.0, 1.0, -1.0, -1.0, -1.0, -1.0]
1343,[-1.0, -0.7264, -1.0, 1.0, -1.0, 1.0]
1344,[1.0, -0.9999, 1.0, 1.0, -1.0, 0.833]
1345,[1.0, 0.0132, 1.0, 0.8728, 1.0, -1.0]
1346,[1.0, 1.0, -1.0, 1.0, -1.0, -0.9835]
1347,[1.0, 1.0, -1.0, -1.0, -1.0, 1.0]
1348,[1.0, 1.0, 1.0, -1.0, -1.0, -0.9969]
1349,[1.0, 1.0, 1.0, -0.5208, -1.0, -1.0]
1350,[1.0, 1.0, 1.0, -0.693, -1.0, -1.0]
1351,[1.0, 1.0, 1.0, 1.0, -1.0, -1.0]
1352,[-1.0, -0.5243, -1.0, 0.9999, -1.0, 1.0]
1353,[1.0, 1.0, 1.0, -1.0, -1.0, 1.0]
1354,[1.0, 1.0, 1.0, -1.0, -0.9746, -1.0]
1355,[1.0, 1.0, 1.0, -0.9796, -1.0, -1.0]
1356,[1.0, 1.0, 1.0, -0.9997, -1.0, -1.0]
1357,[-1.0, -0.9999, -1.0, 1.0, -1.0, 1.0]
1358,[1.0, -1.0, 1.0, 1.0, -1.0, 1.0]
1359,[0.6918, -1.0, 0.9998, -1.0, 1.0, -1.0]
1360,[0.8091, 1.0, -1.0, 1.0, -1.0, -0.0666]
1361,[0.9999, 1.0, -1.0, -1.0, -1.0, 1.0]
1362,[0.9737, 0.9997, 1.0, -1.0, -1.0, 0.3211]
1363,[-0.6442, 1.0, 1.0, -1.0, -0.6089, -1.0]
1364,[-0.9996, -1.0, 1.0, 1.0, -1.0, -0.1886]
1365,[1.0, -1.0, 0.7183, -0.9999, -1.0, -1.0]
1366,[1.0, -1.0, -0.4043, 1.0, 0.9982, -1.0]
1367,[1.0, -1.0, -1.0, -1.0, 1.0, -1.0]
1368,[-0.9439, 0.2161, -1.0, 0.9993, -1.0, 1.0]
1369,[-1.0, -1.0, -1.0, 1.0, -1.0, 1.0]
1370,[1.0, -1.0, 1.0, 1.0, -1.0, 1.0]
1371,[0.9974, -1.0, 1.0, 1.0, 1.0, -1.0]
1372,[1.0, -1.0, -1.0, -1.0, 1.0, -1.0]
1373,[-1.0, 1.0, -1.0, 0.9998, -1.0, 1.0]
1374,[-0.9992, -1.0, -1.0, -1.0, -1.0, 1.0]
1375,[-1.0, -0.9991, -0.9999, -1.0, -1.0, 1.0]
1376,[-1.0, -1.0, -1.0, -1.0, -1.0, 1.0]
1377,[-1.0, -0.9995, 1.0, -0.9399, -1.0, 0.9957]
1378,[-1.0, -1.0, 1.0, -1.0, 1.0, -1.0]
1379,[0.9933, -1.0, -1.0, -1.0, -1.0, -1.0]
1380,[-0.9997, -0.134, -1.0, 1.0, -1.0, 1.0]
1381,[1.0, -1.0, 1.0, 0.9984, -1.0, 1.0]
1382,[1.0, -1.0, 1.0, 0.631, 1.0, -1.0]
1383,[1.0, -1.0, 0.9988, -1.0, -1.0, -1.0]
1384,[1.0, -1.0, 0.9996, 1.0, 0.9999, -1.0]
1385,[0.9975, -1.0, -0.9995, -1.0, 1.0, -1.0]
1386,[-0.9959, -0.037, -1.0, 1.0, -1.0, 1.0]
1387,[-1.0, -1.0, 1.0, -0.9869, -1.0, 0.9984]
1388,[-1.0, -1.0, 1.0, -0.9783, 1.0, -1.0]
1389,[0.6985, -1.0, -1.0, -1.0, -1.0, -1.0]
1390,[-0.9973, 0.0468, -1.0, 1.0, -1.0, 1.0]
1391,[1.0, 1.0, 1.0, -0.9954, -1.0, 1.0]
1392,[1.0, 1.0, 1.0, 0.9995, -1.0, -1.0]
1393,[1.0, 1.0, 1.0, 1.0, -1.0, -1.0]
1394,[-1.0, -1.0, -1.0, 1.0, -1.0, 1.0]
1395,[1.0, -0.9991, 1.0, 1.0, -1.0, 1.0]
1396,[1.0, -0.7834, 1.0, 1.0, 1.0, -1.0]
1397,[1.0, -1.0, -0.9996, -1.0, 1.0, -1.0]
1398,[1.0, 1.0, -1.0, 1.0, -1.0, 1.0]
1399,[-1.0, -1.0, 1.0, -0.9976, -1.0, 0.8514]
1400,[-1.0, -0.9959, 1.0, 0.8663, 1.0, -1.0]
1401,[-0.9999, -1.0, -1.0, -1.0, 0.8991, -1.0]
1402,[-0.9881, 1.0, -1.0, 1.0, -1.0, 1.0]
1403,[-1.0, -0.9784, -1.0, 1.0, -1.0, 1.0]
1404,[1.0, -0.9936, 1.0, 0.9995, -1.0, 1.0]
1405,[1.0, 0.9534, 1.0, 1.0, 1.0, -1.0]
1406,[1.0, 1.0, -1.0, 1.0, -1.0, 1.0]
1407,[1.0, 1.0, 1.0, -0.9982, -1.0, 0.9003]
1408,[0.8269, 1.0, 1.0, -1.0, 0.9291, -1.0]
1409,[1.0, 1.0, -1.0, 1.0, -1.0, -0.9996]
1410,[1.0, 1.0, 1.0, 0.9999, -0.9999, -1.0]
1411,[1.0, 1.0, 0.9999, 1.0, -1.0, -1.0]
1412,[1.0, 1.0, 0.9943, 1.0, -1.0, -1.0]
1413,[1.0, 1.0, 0.6505, 1.0, -1.0, -1.0]
1414,[1.0, 1.0, -1.0, -1.0, -1.0, -1.0]
1415,[-1.0, -0.9918, -1.0, 1.0, -1.0, 1.0]
1416,[1.0, -0.8154, 1.0, -0.9422, -1.0, 1.0]
1417,[1.0, -1.0, 1.0, 0.9857, 1.0, -1.0]
1418,[1.0, -1.0, -0.9769, -1.0, 1.0, -1.0]
1419,[0.9996, 0.7642, -1.0, 0.9094, -1.0, 1.0]
1420,[0.2432, -1.0, 1.0, -0.9968, 0.9957, -0.9991]
1421,[-0.9995, -1.0, -1.0, -1.0, -0.9948, -1.0]
1422,[-1.0, 1.0, -1.0, 1.0, -1.0, 1.0]
1423,[-1.0, 1.0, -1.0, 1.0, -1.0, 1.0]
1424,[-1.0, 0.9989, -1.0, 1.0, -1.0, 1.0]
1425,[-1.0, -0.9755, -1.0, 1.0, -1.0, 1.0]
1426,[1.0, -1.0, 1.0, -0.9824, -1.0, 1.0]
1427,[-0.97, 1.0, 1.0, -1.0, 0.9821, -1.0]
1428,[0.9727, -1.0, -1.0, -1.0, -1.0, -1.0]
1429,[-0.9454, -0.6432, -1.0, 1.0, -1.0, 1.0]
1430,[-1.0, 0.9712, 1.0, -0.9931, -0.9729, -0.648]
1431,[-1.0, -0.9999, -1.0, 1.0, -1.0, 1.0]
1432,[1.0, -1.0, 1.0, 0.9439, -1.0, 1.0]
1433,[1.0, -1.0, 1.0, 1.0, 1.0, -1.0]
1434,[1.0, -1.0, -0.99, -1.0, 1.0, -1.0]
1435,[1.0, 0.678, -1.0, 0.9996, -1.0, 1.0]
1436,[-0.0813, 1.0, 0.9999, -0.9729, 0.9999, -1.0]
1437,[-0.9778, -0.3004, -1.0, 0.4937, -1.0, -0.971]
1438,[-1.0, -1.0, -1.0, 1.0, -1.0, 0.9933]
1439,[1.0, -0.953, 1.0, -0.9673, -1.0, 1.0]
1440,[-1.0, -1.0, 1.0, -1.0, 1.0, -1.0]
1441,[0.6783, -1.0, -1.0, -1.0, -1.0, -1.0]
1442,[-0.9924, 1.0, -1.0, 1.0, -1.0, 1.0]
1443,[-1.0, 0.9917, -1.0, 0.9365, -1.0, 1.0]
1444,[-1.0, -1.0, -1.0, 0.9999, -1.0, 1.0]
1445,[1.0, -0.7249, 1.0, 1.0, -1.0, 0.9999]
1446,[1.0, 0.9942, 1.0, 1.0, 1.0, -1.0]
1447,[1.0, 1.0, -1.0, -1.0, -1.0, -1.0]
1448,[-0.9947, 0.0024, -1.0, 1.0, -1.0, 1.0]
1449,[1.0, -0.7886, 1.0, 0.9984, -1.0, 0.9811]
1450,[1.0, 0.9421, 1.0, 1.0, 1.0, -1.0]
1451,[1.0, 1.0, -1.0, -1.0, -1.0, -1.0]
1452,[-1.0, -0.9714, -1.0, 1.0, -1.0, 1.0]
1453,[1.0, -0.9996, 1.0, 1.0, -1.0, 0.9996]
1454,[1.0, -0.9933, 1.0, 1.0, 1.0, -1.0]
1455,[1.0, -1.0, 0.6948, -1.0, 1.0, -1.0]
1456,[1.0, -0.9824, -0.9998, 1.0, 1.0, -1.0]
1457,[-0.9999, -0.7121, -1.0, -1.0, -1.0, 1.0]
1458,[-1.0, 1.0, -1.0, 1.0, -1.0, 1.0]
1459,[-1.0, -0.9676, -1.0, 0.9997, -1.0, 1.0]
1460,[1.0, -0.941, 1.0, 0.9978, -1.0, 1.0]
1461,[1.0, 0.9976, 1.0, 1.0, 1.0, -1.0]
1462,[1.0, 1.0, -1.0, -1.0, -1.0, -1.0]
1463,[-1.0, -0.9588, -1.0, 1.0, -1.0, 1.0]
1464,[1.0, -0.917, 1.0, 0.9976, -1.0, 1.0]
1465,[1.0, 0.9576, 1.0, 1.0, 1.0, -1.0]
1466,[1.0, 1.0, 1.0, -1.0, 1.0, -0.9999]
1467,[0.7997, 1.0, -1.0, 1.0, -1.0, 1.0]
1468,[-1.0, -1.0, -1.0, 1.0, -0.9841, 1.0]
1469,[1.0, -0.9982, -0.9991, -1.0, -1.0, 1.0]
1470,[1.0, -1.0, 1.0, 1.0, -1.0, -1.0]
1471,[1.0, -1.0, 1.0, 1.0, 0.9981, -1.0]
1472,[1.0, 1.0, -1.0, -1.0, -1.0, 1.0]
1473,[0.8386, -0.916, 1.0, 0.9986, -0.8065, -1.0]
1474,[1.0, -1.0, 1.0, 1.0, -0.6268, -1.0]
1475,[1.0, -0.9999, 1.0, 1.0, 1.0, -1.0]
1476,[1.0, -1.0, 0.9067, -1.0, 1.0, -1.0]
1477,[-1.0, 1.0, -1.0, 1.0, 0.957, -1.0]
1478,[-0.9453, 1.0, -1.0, -0.9933, -1.0, 1.0]
1479,[-1.0, -1.0, 1.0, -1.0, -0.2473, -1.0]
1480,[-1.0, -1.0, 1.0, -1.0, -1.0, -1.0]
1481,[-0.9953, -1.0, -1.0, -1.0, -1.0, -1.0]
1482,[-1.0, 1.0, -1.0, 0.9999, -1.0, 1.0]
1483,[-1.0, 1.0, -1.0, 1.0, -1.0, 1.0]
1484,[-1.0, -1.0, -1.0, 1.0, -1.0, 1.0]
1485,[-1.0, 1.0, 0.9999, -0.7147, -1.0, 0.9787]
1486,[-1.0, -0.8714, 1.0, -1.0, -1.0, -1.0]
1487,[-1.0, -1.0, 1.0, -1.0, -1.0, -1.0]
1488,[-1.0, -1.0, 1.0, -1.0, 1.0, -1.0]
1489,[-0.9005, 1.0, -1.0, 1.0, -1.0, 1.0]
1490,[-1.0, -0.9993, -1.0, 0.9948, -1.0, 1.0]
1491,[1.0, 1.0, 1.0, 0.9523, -1.0, 1.0]
1492,[1.0, 1.0, 1.0, -1.0, 1.0, -1.0]
1493,[1.0, 1.0, -1.0, 1.0, -1.0, -1.0]
1494,[1.0, 0.9989, -1.0, -1.0, -1.0, 1.0]
1495,[0.9992, -1.0, 1.0, -1.0, -1.0, 0.7816]
1496,[1.0, -1.0, 1.0, 1.0, 1.0, -1.0]
1497,[1.0, -1.0, -0.9794, -1.0, 1.0, -0.9987]
1498,[1.0, 1.0, -1.0, 1.0, -1.0, 1.0]
1499,[-1.0, -1.0, -1.0, 1.0, 0.6283, 1.0]
1500,[-0.9977, -1.0, -1.0, -1.0, -1.0, 1.0]
1501,[-1.0, 1.0, -1.0, 0.9999, -1.0, 1.0]
1502,[-1.0, -1.0, -1.0, 1.0, -1.0, 1.0]
1503,[1.0, -0.9995, -0.9996, -1.0, -1.0, 1.0]
1504,[0.9668, -1.0, 1.0, -1.0, 1.0, -1.0]
1505,[1.0, -1.0, -0.9801, -1.0, 1.0, -1.0]
1506,[-1.0, -1.0, -0.7574, 0.9999, -1.0, -1.0]
1507,[-0.4543, 0.9392, -1.0, 1.0, -1.0, 1.0]
1508,[-1.0, 1.0, 1.0, -1.0, -1.0, -1.0]
1509,[-1.0, 0.9998, -1.0, 1.0, -1.0, -0.952]
1510,[-0.3801, 1.0, -1.0, 0.9071, -1.0, 1.0]
1511,[0.5184, 0.1831, -1.0, -1.0, -1.0, 1.0]
1512,[-1.0, -0.0532, 0.9977, -1.0, -1.0, 1.0]
1513,[0.9984, -1.0, 1.0, 1.0, 1.0, -1.0]
1514,[1.0, -0.9898, 1.0, -1.0, 1.0, -1.0]
1515,[1.0, -1.0, -1.0, -1.0, 1.0, -1.0]
1516,[1.0, -0.9942, -1.0, 0.9996, -1.0, 1.0]
1517,[1.0, -1.0, 1.0, 1.0, -1.0, -1.0]
1518,[1.0, -0.9999, 1.0, 1.0, 1.0, -1.0]
1519,[1.0, 1.0, 0.9286, -1.0, 1.0, -1.0]
1520,[1.0, 1.0, -1.0, 1.0, -1.0, -1.0]
1521,[-0.6241, 1.0, -1.0, -1.0, -1.0, 1.0]
1522,[-1.0, -1.0, -1.0, -1.0, -1.0, 1.0]
1523,[-1.0, 1.0, 0.3109, 0.9746, -1.0, 0.9989]
1524,[0.9991, 1.0, -1.0, -1.0, -1.0, 1.0]
1525,[0.9991, -1.0, 1.0, 0.9992, 0.3303, -0.9996]
1526,[1.0, -0.9986, 0.9937, -1.0, 1.0, -1.0]
1527,[1.0, -1.0, 1.0, -1.0, 1.0, -1.0]
1528,[1.0, -1.0, 0.9911, -1.0, 1.0, -1.0]
1529,[1.0, -1.0, 1.0, -1.0, 1.0, -1.0]
1530,[1.0, -1.0, 1.0, -1.0, 1.0, -1.0]
1531,[1.0, -0.9883, 1.0, -1.0, 1.0, -1.0]
1532,[1.0, 0.1131, 1.0, -1.0, 1.0, -1.0]
1533,[0.9969, 0.9969, 1.0, -1.0, 1.0, -1.0]
1534,[-0.9974, 1.0, -1.0, 1.0, 1.0, -1.0]
1535,[-1.0, 1.0, -1.0, -0.9545, -1.0, 1.0]
1536,[-1.0, -1.0, -1.0, -1.0, -1.0, 1.0]
1537,[-1.0, 0.9965, 1.0, 0.9999, 0.7297, -0.9997]
1538,[1.0, 1.0, -1.0, 0.9997, -1.0, -1.0]
1539,[0.9394, 1.0, -1.0, -1.0, -1.0, 1.0]
1540,[-0.9978, -0.9998, 1.0, 1.0, 1.0, -1.0]
1541,[-1.0, -1.0, -1.0, -1.0, -1.0, -1.0]
1542,[-1.0, -0.9869, -1.0, 0.9997, -1.0, 1.0]
1543,[-0.9916, -1.0, 1.0, -0.9991, 1.0, -1.0]
1544,[0.9999, -0.7378, 0.9948, -0.9999, -0.9998, -1.0]
